{
    "chapters": [

{
    "chapter": "chapter-6",
    "questions": [
      {
        "question": "src/pages/Physics/Phyquestions/Chapter-6/1.png",
        "options": [
          "src/pages/Physics/Phyquestions/Chapter-6/1 (1).png",
          "src/pages/Physics/Phyquestions/Chapter-6/1 (2).png",
          "src/pages/Physics/Phyquestions/Chapter-6/1 (3).png",
          "src/pages/Physics/Phyquestions/Chapter-6/1 (4).png"
        ],
        "answer": "src/pages/Physics/Phyquestions/Chapter-6/1 (2).png"
      },
      {
        "question": "src/pages/Physics/Phyquestions/Chapter-6/2.png",
        "options": [
          "src/pages/Physics/Phyquestions/Chapter-6/2 (1).png",
          "src/pages/Physics/Phyquestions/Chapter-6/2 (2).png",
          "src/pages/Physics/Phyquestions/Chapter-6/2 (3).png",
          "src/pages/Physics/Phyquestions/Chapter-6/2 (4).png"
        ],
        "answer": "src/pages/Physics/Phyquestions/Chapter-6/2 (2).png"
      },
      {
        "question": "src/pages/Physics/Phyquestions/Chapter-6/3.png",
        "options": [
          "src/pages/Physics/Phyquestions/Chapter-6/3 (1).png",
          "src/pages/Physics/Phyquestions/Chapter-6/3 (2).png",
          "src/pages/Physics/Phyquestions/Chapter-6/3 (3).png",
          "src/pages/Physics/Phyquestions/Chapter-6/3 (4).png"
        ],
        "answer": "src/pages/Physics/Phyquestions/Chapter-6/3 (4).png"
      },
      {
        "question": "src/pages/Physics/Phyquestions/Chapter-6/4.png",
        "options": [
          "src/pages/Physics/Phyquestions/Chapter-6/4 (1).png",
          "src/pages/Physics/Phyquestions/Chapter-6/4 (2).png",
          "src/pages/Physics/Phyquestions/Chapter-6/4 (3).png",
          "src/pages/Physics/Phyquestions/Chapter-6/4 (4).png"
        ],
        "answer": "src/pages/Physics/Phyquestions/Chapter-6/4 (1).png"
      },
      {
        "question": "src/pages/Physics/Phyquestions/Chapter-6/5.png",
        "options": [
          "src/pages/Physics/Phyquestions/Chapter-6/5 (1).png",
          "src/pages/Physics/Phyquestions/Chapter-6/5 (2).png",
          "src/pages/Physics/Phyquestions/Chapter-6/5 (3).png",
          "src/pages/Physics/Phyquestions/Chapter-6/5 (4).png"
        ],
        "answer": "src/pages/Physics/Phyquestions/Chapter-6/5 (2).png",
        "option_mode": "imagey"
      },
      {
        "question": "src/pages/Physics/Phyquestions/Chapter-6/6.png",
        "options": [
          "src/pages/Physics/Phyquestions/Chapter-6/6 (1).png",
          "src/pages/Physics/Phyquestions/Chapter-6/6 (2).png",
          "src/pages/Physics/Phyquestions/Chapter-6/6 (3).png",
          "src/pages/Physics/Phyquestions/Chapter-6/6 (4).png"
        ],
        "answer": "src/pages/Physics/Phyquestions/Chapter-6/6 (3).png"
      },
      {
        "question": "src/pages/Physics/Phyquestions/Chapter-6/7.png",
        "options": [
          "src/pages/Physics/Phyquestions/Chapter-6/7 (1).png",
          "src/pages/Physics/Phyquestions/Chapter-6/7 (2).png",
          "src/pages/Physics/Phyquestions/Chapter-6/7 (3).png",
          "src/pages/Physics/Phyquestions/Chapter-6/7 (4).png"
        ],
        "answer": "src/pages/Physics/Phyquestions/Chapter-6/7 (4).png"
      },
      {
        "question": "src/pages/Physics/Phyquestions/Chapter-6/8.png",
        "options": [
          "src/pages/Physics/Phyquestions/Chapter-6/8 (1).png",
          "src/pages/Physics/Phyquestions/Chapter-6/8 (2).png",
          "src/pages/Physics/Phyquestions/Chapter-6/8 (3).png",
          "src/pages/Physics/Phyquestions/Chapter-6/8 (4).png"
        ],
        "answer": "src/pages/Physics/Phyquestions/Chapter-6/8 (2).png"
      },
      {
        "question": "src/pages/Physics/Phyquestions/Chapter-6/9.png",
        "options": [
          "src/pages/Physics/Phyquestions/Chapter-6/9 (1).png",
          "src/pages/Physics/Phyquestions/Chapter-6/9 (2).png",
          "src/pages/Physics/Phyquestions/Chapter-6/9 (3).png",
          "src/pages/Physics/Phyquestions/Chapter-6/9 (4).png"
        ],
        "answer": "src/pages/Physics/Phyquestions/Chapter-6/9 (3).png"
      },
      {
        "question": "src/pages/Physics/Phyquestions/Chapter-6/10.png",
        "options": [
          "src/pages/Physics/Phyquestions/Chapter-6/10 (1).png",
          "src/pages/Physics/Phyquestions/Chapter-6/10 (2).png",
          "src/pages/Physics/Phyquestions/Chapter-6/10 (3).png",
          "src/pages/Physics/Phyquestions/Chapter-6/10 (4).png"
        ],
        "answer": "src/pages/Physics/Phyquestions/Chapter-6/10 (4).png"
      }
    ]
  },
  {
    "chapter":"chapter-7",
    "questions": [
      {
        "question": "src/pages/Physics/Phyquestions/Chapter-7/1.png",
        "options": [
          "src/pages/Physics/Phyquestions/Chapter-7/1 (1).png",
          "src/pages/Physics/Phyquestions/Chapter-7/1 (2).png",
          "src/pages/Physics/Phyquestions/Chapter-7/1 (3).png",
          "src/pages/Physics/Phyquestions/Chapter-7/1 (4).png"
        ],
        "answer": "src/pages/Physics/Phyquestions/Chapter-7/1 (4).png"
      },
      {
        "question": "src/pages/Physics/Phyquestions/Chapter-7/2.png",
        "options": [
          "src/pages/Physics/Phyquestions/Chapter-7/2 (1).png",
          "src/pages/Physics/Phyquestions/Chapter-7/2 (2).png",
          "src/pages/Physics/Phyquestions/Chapter-7/2 (3).png",
          "src/pages/Physics/Phyquestions/Chapter-7/2 (4).png"
        ],
        "answer": "src/pages/Physics/Phyquestions/Chapter-7/2 (2).png"
      },
      {
        "question": "src/pages/Physics/Phyquestions/Chapter-7/3.png",
        "options": [
          "src/pages/Physics/Phyquestions/Chapter-7/3 (1).png",
          "src/pages/Physics/Phyquestions/Chapter-7/3 (2).png",
          "src/pages/Physics/Phyquestions/Chapter-7/3 (3).png",
          "src/pages/Physics/Phyquestions/Chapter-7/3 (4).png"
        ],
        "answer": "src/pages/Physics/Phyquestions/Chapter-7/3 (1).png",
        "option_mode": "imagey"
      },
      {
        "question": "src/pages/Physics/Phyquestions/Chapter-7/4.png",
        "options": [
          "src/pages/Physics/Phyquestions/Chapter-7/4 (1).png",
          "src/pages/Physics/Phyquestions/Chapter-7/4 (2).png",
          "src/pages/Physics/Phyquestions/Chapter-7/4 (3).png",
          "src/pages/Physics/Phyquestions/Chapter-7/4 (4).png"
        ],
        "answer": "src/pages/Physics/Phyquestions/Chapter-7/4 (3).png"
      },
      {
        "question": "src/pages/Physics/Phyquestions/Chapter-7/5.png",
        "options": [
          "src/pages/Physics/Phyquestions/Chapter-7/5 (1).png",
          "src/pages/Physics/Phyquestions/Chapter-7/5 (2).png",
          "src/pages/Physics/Phyquestions/Chapter-7/5 (3).png",
          "src/pages/Physics/Phyquestions/Chapter-7/5 (4).png"
        ],
        "answer": "src/pages/Physics/Phyquestions/Chapter-7/5 (2).png"
      },
      {
        "question": "src/pages/Physics/Phyquestions/Chapter-7/6.png",
        "options": [
          "src/pages/Physics/Phyquestions/Chapter-7/6 (1).png",
          "src/pages/Physics/Phyquestions/Chapter-7/6 (2).png",
          "src/pages/Physics/Phyquestions/Chapter-7/6 (3).png",
          "src/pages/Physics/Phyquestions/Chapter-7/6 (4).png"
        ],
        "answer": "src/pages/Physics/Phyquestions/Chapter-7/6 (2).png"
      },
      {
        "question": "src/pages/Physics/Phyquestions/Chapter-7/7.png",
        "options": [
          "src/pages/Physics/Phyquestions/Chapter-7/7 (1).png",
          "src/pages/Physics/Phyquestions/Chapter-7/7 (2).png",
          "src/pages/Physics/Phyquestions/Chapter-7/7 (3).png",
          "src/pages/Physics/Phyquestions/Chapter-7/7 (4).png"
        ],
        "answer": "src/pages/Physics/Phyquestions/Chapter-7/7 (1).png",
        "option_mode": "imagey"
      },
      {
        "question": "src/pages/Physics/Phyquestions/Chapter-7/8.png",
        "options": [
          "src/pages/Physics/Phyquestions/Chapter-7/8 (1).png",
          "src/pages/Physics/Phyquestions/Chapter-7/8 (2).png",
          "src/pages/Physics/Phyquestions/Chapter-7/8 (3).png",
          "src/pages/Physics/Phyquestions/Chapter-7/8 (4).png"
        ],
        "image": "src/pages/Physics/Phyquestions/Chapter-7/8-image.png",
        "answer": "src/pages/Physics/Phyquestions/Chapter-7/8 (2).png"
      },
      {
        "question": "src/pages/Physics/Phyquestions/Chapter-7/9.png",
        "options": [
          "src/pages/Physics/Phyquestions/Chapter-7/9 (1).png",
          "src/pages/Physics/Phyquestions/Chapter-7/9 (2).png",
          "src/pages/Physics/Phyquestions/Chapter-7/9 (3).png",
          "src/pages/Physics/Phyquestions/Chapter-7/9 (4).png"
        ],
        "answer": "src/pages/Physics/Phyquestions/Chapter-7/9 (3).png"
      },
      {
        "question": "src/pages/Physics/Phyquestions/Chapter-7/10.png",
        "options": [
          "src/pages/Physics/Phyquestions/Chapter-7/10 (1).png",
          "src/pages/Physics/Phyquestions/Chapter-7/10 (2).png",
          "src/pages/Physics/Phyquestions/Chapter-7/10 (3).png",
          "src/pages/Physics/Phyquestions/Chapter-7/10 (4).png"
        ],
        "answer": "src/pages/Physics/Phyquestions/Chapter-7/10 (4).png"
      }
    ]
  },

  {
    "chapter": "chapter-8",
    "questions": [
      {
        "question": "src/pages/Physics/Phyquestions/Chapter-8/1.png",
        "options": [
          "src/pages/Physics/Phyquestions/Chapter-8/1 (1).png",
          "src/pages/Physics/Phyquestions/Chapter-8/1 (2).png",
          "src/pages/Physics/Phyquestions/Chapter-8/1 (3).png",
          "src/pages/Physics/Phyquestions/Chapter-8/1 (4).png"
        ],
        "answer": "src/pages/Physics/Phyquestions/Chapter-8/1 (4).png",
        "option_mode": "imagey"
      },
      {
        "question": "src/pages/Physics/Phyquestions/Chapter-8/2.png",
        "options": [
          "src/pages/Physics/Phyquestions/Chapter-8/2 (1).png",
          "src/pages/Physics/Phyquestions/Chapter-8/2 (2).png",
          "src/pages/Physics/Phyquestions/Chapter-8/2 (3).png",
          "src/pages/Physics/Phyquestions/Chapter-8/2 (4).png"
        ],
        "answer": "src/pages/Physics/Phyquestions/Chapter-8/2 (3).png"
      },
      {
        "question": "src/pages/Physics/Phyquestions/Chapter-8/3.png",
        "options": [
          "src/pages/Physics/Phyquestions/Chapter-8/3 (1).png",
          "src/pages/Physics/Phyquestions/Chapter-8/3 (2).png",
          "src/pages/Physics/Phyquestions/Chapter-8/3 (3).png",
          "src/pages/Physics/Phyquestions/Chapter-8/3 (4).png"
        ],
        "answer": "src/pages/Physics/Phyquestions/Chapter-8/3 (4).png"
      },
      {
        "question": "src/pages/Physics/Phyquestions/Chapter-8/4.png",
        "options": [
          "src/pages/Physics/Phyquestions/Chapter-8/4 (1).png",
          "src/pages/Physics/Phyquestions/Chapter-8/4 (2).png",
          "src/pages/Physics/Phyquestions/Chapter-8/4 (3).png",
          "src/pages/Physics/Phyquestions/Chapter-8/4 (4).png"
        ],
        "answer": "src/pages/Physics/Phyquestions/Chapter-8/4 (4).png",
        "option_mode": "imagey"
      },
      {
        "question": "src/pages/Physics/Phyquestions/Chapter-8/5.png",
        "options": [
          "src/pages/Physics/Phyquestions/Chapter-8/5 (1).png",
          "src/pages/Physics/Phyquestions/Chapter-8/5 (2).png",
          "src/pages/Physics/Phyquestions/Chapter-8/5 (3).png",
          "src/pages/Physics/Phyquestions/Chapter-8/5 (4).png"
        ],
        "answer": "src/pages/Physics/Phyquestions/Chapter-8/5 (2).png"
      },
      {
        "question": "src/pages/Physics/Phyquestions/Chapter-8/6.png",
        "options": [
          "src/pages/Physics/Phyquestions/Chapter-8/6 (1).png",
          "src/pages/Physics/Phyquestions/Chapter-8/6 (2).png",
          "src/pages/Physics/Phyquestions/Chapter-8/6 (3).png",
          "src/pages/Physics/Phyquestions/Chapter-8/6 (4).png"
        ],
        "answer": "src/pages/Physics/Phyquestions/Chapter-8/6 (4).png",
        "option_mode": "imagey"
      },
      {
        "question": "src/pages/Physics/Phyquestions/Chapter-8/7.png",
        "options": [
          "src/pages/Physics/Phyquestions/Chapter-8/7 (1).png",
          "src/pages/Physics/Phyquestions/Chapter-8/7 (2).png",
          "src/pages/Physics/Phyquestions/Chapter-8/7 (3).png",
          "src/pages/Physics/Phyquestions/Chapter-8/7 (4).png"
        ],
        "answer": "src/pages/Physics/Phyquestions/Chapter-8/7 (2).png",
        "option_mode": "imagey"
      },
      {
        "question": "src/pages/Physics/Phyquestions/Chapter-8/8.png",
        "options": [
          "src/pages/Physics/Phyquestions/Chapter-8/8 (1).png",
          "src/pages/Physics/Phyquestions/Chapter-8/8 (2).png",
          "src/pages/Physics/Phyquestions/Chapter-8/8 (3).png",
          "src/pages/Physics/Phyquestions/Chapter-8/8 (4).png"
        ],
        "answer": "src/pages/Physics/Phyquestions/Chapter-8/8 (2).png"
      },
      {
        "question": "src/pages/Physics/Phyquestions/Chapter-8/9.png",
        "options": [
          "src/pages/Physics/Phyquestions/Chapter-8/9 (1).png",
          "src/pages/Physics/Phyquestions/Chapter-8/9 (2).png",
          "src/pages/Physics/Phyquestions/Chapter-8/9 (3).png",
          "src/pages/Physics/Phyquestions/Chapter-8/9 (4).png"
        ],
        "answer": "src/pages/Physics/Phyquestions/Chapter-8/9 (3).png"
      },
      {
        "question": "src/pages/Physics/Phyquestions/Chapter-8/10.png",
        "options": [
          "src/pages/Physics/Phyquestions/Chapter-8/10 (1).png",
          "src/pages/Physics/Phyquestions/Chapter-8/10 (2).png",
          "src/pages/Physics/Phyquestions/Chapter-8/10 (3).png",
          "src/pages/Physics/Phyquestions/Chapter-8/10 (4).png"
        ],
        "answer": "src/pages/Physics/Phyquestions/Chapter-8/10 (1).png"
      },
      {
        "question": "src/pages/Physics/Phyquestions/Chapter-8/11.png",
        "options": [
          "src/pages/Physics/Phyquestions/Chapter-8/11 (1).png",
          "src/pages/Physics/Phyquestions/Chapter-8/11 (2).png",
          "src/pages/Physics/Phyquestions/Chapter-8/11 (3).png",
          "src/pages/Physics/Phyquestions/Chapter-8/11 (4).png"
        ],
        "answer": "src/pages/Physics/Phyquestions/Chapter-8/11 (2).png"
      },
      {
        "question": "src/pages/Physics/Phyquestions/Chapter-8/12.png",
        "options": [
          "src/pages/Physics/Phyquestions/Chapter-8/12 (1).png",
          "src/pages/Physics/Phyquestions/Chapter-8/12 (2).png",
          "src/pages/Physics/Phyquestions/Chapter-8/12 (3).png",
          "src/pages/Physics/Phyquestions/Chapter-8/12 (4).png"
        ],
        "answer": "src/pages/Physics/Phyquestions/Chapter-8/12 (3).png"
      },
      {
        "question": "src/pages/Physics/Phyquestions/Chapter-8/13.png",
        "options": [
          "src/pages/Physics/Phyquestions/Chapter-8/13 (1).png",
          "src/pages/Physics/Phyquestions/Chapter-8/13 (2).png",
          "src/pages/Physics/Phyquestions/Chapter-8/13 (3).png",
          "src/pages/Physics/Phyquestions/Chapter-8/13 (4).png"
        ],
        "answer": "src/pages/Physics/Phyquestions/Chapter-8/13 (4).png",
        "option_mode": "imagey"
      },
      {
        "question": "src/pages/Physics/Phyquestions/Chapter-8/14.png",
        "options": [
          "src/pages/Physics/Phyquestions/Chapter-8/14 (1).png",
          "src/pages/Physics/Phyquestions/Chapter-8/14 (2).png",
          "src/pages/Physics/Phyquestions/Chapter-8/14 (3).png",
          "src/pages/Physics/Phyquestions/Chapter-8/14 (4).png"
        ],
        "answer": "src/pages/Physics/Phyquestions/Chapter-8/14 (2).png"
      },
      {
        "question": "src/pages/Physics/Phyquestions/Chapter-8/15.png",
        "options": [
          "src/pages/Physics/Phyquestions/Chapter-8/15 (1).png",
          "src/pages/Physics/Phyquestions/Chapter-8/15 (2).png",
          "src/pages/Physics/Phyquestions/Chapter-8/15 (3).png",
          "src/pages/Physics/Phyquestions/Chapter-8/15 (4).png"
        ],
        "answer": "src/pages/Physics/Phyquestions/Chapter-8/15 (3).png"
      }
    ]
  },
  {
    "chapter": "chapter-9",
    "questions": [
      {
        "question": "src/pages/Physics/Phyquestions/Chapter-9/1.png",
        "options": [
          "src/pages/Physics/Phyquestions/Chapter-9/1 (1).png",
          "src/pages/Physics/Phyquestions/Chapter-9/1 (2).png",
          "src/pages/Physics/Phyquestions/Chapter-9/1 (3).png",
          "src/pages/Physics/Phyquestions/Chapter-9/1 (4).png"
        ],
        "answer": "src/pages/Physics/Phyquestions/Chapter-9/1 (2).png",
        "option_mode": "imagey"
      },
      {
        "question": "src/pages/Physics/Phyquestions/Chapter-9/2.png",
        "options": [
          "src/pages/Physics/Phyquestions/Chapter-9/2 (1).png",
          "src/pages/Physics/Phyquestions/Chapter-9/2 (2).png",
          "src/pages/Physics/Phyquestions/Chapter-9/2 (3).png",
          "src/pages/Physics/Phyquestions/Chapter-9/2 (4).png"
        ],
        "answer": "src/pages/Physics/Phyquestions/Chapter-9/2 (4).png",
        "option_mode": "imagey"
      },
      {
        "question": "src/pages/Physics/Phyquestions/Chapter-9/3.png",
        "options": [
          "src/pages/Physics/Phyquestions/Chapter-9/3 (1).png",
          "src/pages/Physics/Phyquestions/Chapter-9/3 (2).png",
          "src/pages/Physics/Phyquestions/Chapter-9/3 (3).png",
          "src/pages/Physics/Phyquestions/Chapter-9/3 (4).png"
        ],
        "answer": "src/pages/Physics/Phyquestions/Chapter-9/3 (3).png",
        "option_mode": "imagey"
      },
      {
        "question": "src/pages/Physics/Phyquestions/Chapter-9/4.png",
        "options": [
          "src/pages/Physics/Phyquestions/Chapter-9/4 (1).png",
          "src/pages/Physics/Phyquestions/Chapter-9/4 (2).png",
          "src/pages/Physics/Phyquestions/Chapter-9/4 (3).png",
          "src/pages/Physics/Phyquestions/Chapter-9/4 (4).png"
        ],
        "answer": "src/pages/Physics/Phyquestions/Chapter-9/4 (3).png"
      },
      {
        "question": "src/pages/Physics/Phyquestions/Chapter-9/5.png",
        "options": [
          "src/pages/Physics/Phyquestions/Chapter-9/5 (1).png",
          "src/pages/Physics/Phyquestions/Chapter-9/5 (2).png",
          "src/pages/Physics/Phyquestions/Chapter-9/5 (3).png",
          "src/pages/Physics/Phyquestions/Chapter-9/5 (4).png"
        ],
        "answer": "src/pages/Physics/Phyquestions/Chapter-9/5 (2).png"
      },
      {
        "question": "src/pages/Physics/Phyquestions/Chapter-9/6.png",
        "options": [
          "src/pages/Physics/Phyquestions/Chapter-9/6 (1).png",
          "src/pages/Physics/Phyquestions/Chapter-9/6 (2).png",
          "src/pages/Physics/Phyquestions/Chapter-9/6 (3).png",
          "src/pages/Physics/Phyquestions/Chapter-9/6 (4).png"
        ],
        "answer": "src/pages/Physics/Phyquestions/Chapter-9/6 (2).png"
      },
      {
        "question": "src/pages/Physics/Phyquestions/Chapter-9/7.png",
        "options": [
          "src/pages/Physics/Phyquestions/Chapter-9/7 (1).png",
          "src/pages/Physics/Phyquestions/Chapter-9/7 (2).png",
          "src/pages/Physics/Phyquestions/Chapter-9/7 (3).png",
          "src/pages/Physics/Phyquestions/Chapter-9/7 (4).png"
        ],
        "answer": "src/pages/Physics/Phyquestions/Chapter-9/7 (4).png"
      },
      {
        "question": "src/pages/Physics/Phyquestions/Chapter-9/8.png",
        "options": [
          "src/pages/Physics/Phyquestions/Chapter-9/8 (1).png",
          "src/pages/Physics/Phyquestions/Chapter-9/8 (2).png",
          "src/pages/Physics/Phyquestions/Chapter-9/8 (3).png",
          "src/pages/Physics/Phyquestions/Chapter-9/8 (4).png"
        ],
        "answer": "src/pages/Physics/Phyquestions/Chapter-9/8 (2).png",
        "option_mode": "imagey"
      },
      {
        "question": "src/pages/Physics/Phyquestions/Chapter-9/9.png",
        "options": [
          "src/pages/Physics/Phyquestions/Chapter-9/9 (1).png",
          "src/pages/Physics/Phyquestions/Chapter-9/9 (2).png",
          "src/pages/Physics/Phyquestions/Chapter-9/9 (3).png",
          "src/pages/Physics/Phyquestions/Chapter-9/9 (4).png"
        ],
        "answer": "src/pages/Physics/Phyquestions/Chapter-9/9 (3).png"
      },
      {
        "question": "src/pages/Physics/Phyquestions/Chapter-9/10.png",
        "options": [
          "src/pages/Physics/Phyquestions/Chapter-9/10 (1).png",
          "src/pages/Physics/Phyquestions/Chapter-9/10 (2).png",
          "src/pages/Physics/Phyquestions/Chapter-9/10 (3).png",
          "src/pages/Physics/Phyquestions/Chapter-9/10 (4).png"
        ],
        "answer": "src/pages/Physics/Phyquestions/Chapter-9/10 (1).png"
      },
      {
        "question": "src/pages/Physics/Phyquestions/Chapter-9/11.png",
        "options": [
          "src/pages/Physics/Phyquestions/Chapter-9/11 (1).png",
          "src/pages/Physics/Phyquestions/Chapter-9/11 (2).png",
          "src/pages/Physics/Phyquestions/Chapter-9/11 (3).png",
          "src/pages/Physics/Phyquestions/Chapter-9/11 (4).png"
        ],
        "answer": "src/pages/Physics/Phyquestions/Chapter-9/11 (2).png"
      },
      {
        "question": "src/pages/Physics/Phyquestions/Chapter-9/12.png",
        "options": [
          "src/pages/Physics/Phyquestions/Chapter-9/12 (1).png",
          "src/pages/Physics/Phyquestions/Chapter-9/12 (2).png",
          "src/pages/Physics/Phyquestions/Chapter-9/12 (3).png",
          "src/pages/Physics/Phyquestions/Chapter-9/12 (4).png"
        ],
        "answer": "src/pages/Physics/Phyquestions/Chapter-9/12 (3).png",
        "option_mode": "imagez"
      },
      {
        "question": "src/pages/Physics/Phyquestions/Chapter-9/13.png",
        "options": [
          "src/pages/Physics/Phyquestions/Chapter-9/13 (1).png",
          "src/pages/Physics/Phyquestions/Chapter-9/13 (2).png",
          "src/pages/Physics/Phyquestions/Chapter-9/13 (3).png",
          "src/pages/Physics/Phyquestions/Chapter-9/13 (4).png"
        ],
        "answer": "src/pages/Physics/Phyquestions/Chapter-9/13 (2).png",
        "option_mode": "imagey"
      },
      {
        "question": "src/pages/Physics/Phyquestions/Chapter-9/14.png",
        "options": [
          "src/pages/Physics/Phyquestions/Chapter-9/14 (1).png",
          "src/pages/Physics/Phyquestions/Chapter-9/14 (2).png",
          "src/pages/Physics/Phyquestions/Chapter-9/14 (3).png",
          "src/pages/Physics/Phyquestions/Chapter-9/14 (4).png"
        ],
        "answer": "src/pages/Physics/Phyquestions/Chapter-9/14 (3).png"
      },
      {
        "question": "src/pages/Physics/Phyquestions/Chapter-9/15.png",
        "options": [
          "src/pages/Physics/Phyquestions/Chapter-9/15 (1).png",
          "src/pages/Physics/Phyquestions/Chapter-9/15 (2).png",
          "src/pages/Physics/Phyquestions/Chapter-9/15 (3).png",
          "src/pages/Physics/Phyquestions/Chapter-9/15 (4).png"
        ],
        "answer": "src/pages/Physics/Phyquestions/Chapter-9/15 (2).png",
        "option_mode": "imagey"
      }
    ]
  },
  {
    "chapter": "chapter-10",
    "questions": [
      {
        "question": "src/pages/Physics/Phyquestions/Chapter-10/1.png",
        "options": [
          "src/pages/Physics/Phyquestions/Chapter-10/1 (1).png",
          "src/pages/Physics/Phyquestions/Chapter-10/1 (2).png",
          "src/pages/Physics/Phyquestions/Chapter-10/1 (3).png",
          "src/pages/Physics/Phyquestions/Chapter-10/1 (4).png"
        ],
        "answer": "src/pages/Physics/Phyquestions/Chapter-10/1 (1).png"
      },
      {
        "question": "src/pages/Physics/Phyquestions/Chapter-10/2.png",
        "options": [
          "src/pages/Physics/Phyquestions/Chapter-10/2 (1).png",
          "src/pages/Physics/Phyquestions/Chapter-10/2 (2).png",
          "src/pages/Physics/Phyquestions/Chapter-10/2 (3).png",
          "src/pages/Physics/Phyquestions/Chapter-10/2 (4).png"
        ],
        "answer": "src/pages/Physics/Phyquestions/Chapter-10/2 (3).png",
        "option_mode": "imagez"
      },
      {
        "question": "src/pages/Physics/Phyquestions/Chapter-10/3.png",
        "options": [
          "src/pages/Physics/Phyquestions/Chapter-10/3 (1).png",
          "src/pages/Physics/Phyquestions/Chapter-10/3 (2).png",
          "src/pages/Physics/Phyquestions/Chapter-10/3 (3).png",
          "src/pages/Physics/Phyquestions/Chapter-10/3 (4).png"
        ],
        "answer": "src/pages/Physics/Phyquestions/Chapter-10/3 (2).png",
        "option_mode": "imagez"
      },

      {
        "question": "src/pages/Physics/Phyquestions/Chapter-10/4.png",
        "options": [
          "src/pages/Physics/Phyquestions/Chapter-10/4 (1).png",
          "src/pages/Physics/Phyquestions/Chapter-10/4 (2).png",
          "src/pages/Physics/Phyquestions/Chapter-10/4 (3).png",
          "src/pages/Physics/Phyquestions/Chapter-10/4 (4).png"
        ],
        "answer": "src/pages/Physics/Phyquestions/Chapter-10/4 (3).png"
      },

      {
        "question": "src/pages/Physics/Phyquestions/Chapter-10/5.png",
        "options": [
          "src/pages/Physics/Phyquestions/Chapter-10/5 (1).png",
          "src/pages/Physics/Phyquestions/Chapter-10/5 (2).png",
          "src/pages/Physics/Phyquestions/Chapter-10/5 (3).png",
          "src/pages/Physics/Phyquestions/Chapter-10/5 (4).png"
        ],
        "answer": "src/pages/Physics/Phyquestions/Chapter-10/5 (4).png"
      },
      {
        "question": "src/pages/Physics/Phyquestions/Chapter-10/6.png",
        "options": [
          "src/pages/Physics/Phyquestions/Chapter-10/6 (1).png",
          "src/pages/Physics/Phyquestions/Chapter-10/6 (2).png",
          "src/pages/Physics/Phyquestions/Chapter-10/6 (3).png",
          "src/pages/Physics/Phyquestions/Chapter-10/6 (4).png"
        ],
        "answer": "src/pages/Physics/Phyquestions/Chapter-10/6 (3).png"
      },
      {
        "question": "src/pages/Physics/Phyquestions/Chapter-10/7.png",
        "options": [
          "src/pages/Physics/Phyquestions/Chapter-10/7 (1).png",
          "src/pages/Physics/Phyquestions/Chapter-10/7 (2).png",
          "src/pages/Physics/Phyquestions/Chapter-10/7 (3).png",
          "src/pages/Physics/Phyquestions/Chapter-10/7 (4).png"
        ],
        "answer": "src/pages/Physics/Phyquestions/Chapter-10/7 (1).png"
      },
      {
        "question": "src/pages/Physics/Phyquestions/Chapter-10/8.png",
        "options": [
          "src/pages/Physics/Phyquestions/Chapter-10/8 (1).png",
          "src/pages/Physics/Phyquestions/Chapter-10/8 (2).png",
          "src/pages/Physics/Phyquestions/Chapter-10/8 (3).png",
          "src/pages/Physics/Phyquestions/Chapter-10/8 (4).png"
        ],
        "answer": "src/pages/Physics/Phyquestions/Chapter-10/8 (4).png"
      },
      {
        "question": "src/pages/Physics/Phyquestions/Chapter-10/9.png",
        "options": [
          "src/pages/Physics/Phyquestions/Chapter-10/9 (1).png",
          "src/pages/Physics/Phyquestions/Chapter-10/9 (2).png",
          "src/pages/Physics/Phyquestions/Chapter-10/9 (3).png",
          "src/pages/Physics/Phyquestions/Chapter-10/9 (4).png"
        ],
        "answer": "src/pages/Physics/Phyquestions/Chapter-10/9 (4).png"
      },
      {
        "question": "src/pages/Physics/Phyquestions/Chapter-10/10.png",
        "options": [
          "src/pages/Physics/Phyquestions/Chapter-10/10 (1).png",
          "src/pages/Physics/Phyquestions/Chapter-10/10 (2).png",
          "src/pages/Physics/Phyquestions/Chapter-10/10 (3).png",
          "src/pages/Physics/Phyquestions/Chapter-10/10 (4).png"
        ],
        "answer": "src/pages/Physics/Phyquestions/Chapter-10/10 (1).png"
      },
      {
        "question": "src/pages/Physics/Phyquestions/Chapter-10/11.png",
        "options": [
          "src/pages/Physics/Phyquestions/Chapter-10/11 (1).png",
          "src/pages/Physics/Phyquestions/Chapter-10/11 (2).png",
          "src/pages/Physics/Phyquestions/Chapter-10/11 (3).png",
          "src/pages/Physics/Phyquestions/Chapter-10/11 (4).png"
        ],
        "answer": "src/pages/Physics/Phyquestions/Chapter-10/11 (1).png",
        "option_mode": "images"
      },
      {
        "question": "src/pages/Physics/Phyquestions/Chapter-10/12.png",
        "options": [
          "src/pages/Physics/Phyquestions/Chapter-10/12 (1).png",
          "src/pages/Physics/Phyquestions/Chapter-10/12 (2).png",
          "src/pages/Physics/Phyquestions/Chapter-10/12 (3).png",
          "src/pages/Physics/Phyquestions/Chapter-10/12 (4).png"
        ],
        "image": "src/pages/Physics/Phyquestions/Chapter-10/12-image.png",
        "answer": "src/pages/Physics/Phyquestions/Chapter-10/12 (3).png"
      },
      {
        "question": "src/pages/Physics/Phyquestions/Chapter-10/13.png",
        "options": [
          "src/pages/Physics/Phyquestions/Chapter-10/13 (1).png",
          "src/pages/Physics/Phyquestions/Chapter-10/13 (2).png",
          "src/pages/Physics/Phyquestions/Chapter-10/13 (3).png",
          "src/pages/Physics/Phyquestions/Chapter-10/13 (4).png"
        ],
        "image": "src/pages/Physics/Phyquestions/Chapter-10/13-image.png",
        "answer": "src/pages/Physics/Phyquestions/Chapter-10/13 (1).png"
      },
      {
        "question": "src/pages/Physics/Phyquestions/Chapter-10/14.png",
        "options": [
          "src/pages/Physics/Phyquestions/Chapter-10/14 (1).png",
          "src/pages/Physics/Phyquestions/Chapter-10/14 (2).png",
          "src/pages/Physics/Phyquestions/Chapter-10/14 (3).png",
          "src/pages/Physics/Phyquestions/Chapter-10/14 (4).png"
        ],
        "answer": "src/pages/Physics/Phyquestions/Chapter-10/14 (2).png"
      },
      {
        "question": "src/pages/Physics/Phyquestions/Chapter-10/15.png",
        "options": [
          "src/pages/Physics/Phyquestions/Chapter-10/15 (1).png",
          "src/pages/Physics/Phyquestions/Chapter-10/15 (2).png",
          "src/pages/Physics/Phyquestions/Chapter-10/15 (3).png",
          "src/pages/Physics/Phyquestions/Chapter-10/15 (4).png"
        ],
        "answer": "src/pages/Physics/Phyquestions/Chapter-10/15 (3).png"
      }
    ]
  },
  {
    "chapter": "chapter-11",
    "questions": [
      {
        "question": "src/pages/Physics/Phyquestions/Chapter-11/1.png",
        "options": [
          "src/pages/Physics/Phyquestions/Chapter-11/1 (1).png",
          "src/pages/Physics/Phyquestions/Chapter-11/1 (2).png",
          "src/pages/Physics/Phyquestions/Chapter-11/1 (3).png",
          "src/pages/Physics/Phyquestions/Chapter-11/1 (4).png"
        ],
        "answer": "src/pages/Physics/Phyquestions/Chapter-11/1 (2).png"
      },
      {
        "question": "src/pages/Physics/Phyquestions/Chapter-11/2.png",
        "options": [
          "src/pages/Physics/Phyquestions/Chapter-11/2 (1).png",
          "src/pages/Physics/Phyquestions/Chapter-11/2 (2).png",
          "src/pages/Physics/Phyquestions/Chapter-11/2 (3).png",
          "src/pages/Physics/Phyquestions/Chapter-11/2 (4).png"
        ],
        "answer": "src/pages/Physics/Phyquestions/Chapter-11/2 (1).png"
      },
      {
        "question": "src/pages/Physics/Phyquestions/Chapter-11/3.png",
        "options": [
          "src/pages/Physics/Phyquestions/Chapter-11/3 (1).png",
          "src/pages/Physics/Phyquestions/Chapter-11/3 (2).png",
          "src/pages/Physics/Phyquestions/Chapter-11/3 (3).png",
          "src/pages/Physics/Phyquestions/Chapter-11/3 (4).png"
        ],
        "answer": "src/pages/Physics/Phyquestions/Chapter-11/3 (3).png"
      },
      {
        "question": "src/pages/Physics/Phyquestions/Chapter-11/4.png",
        "options": [
          "src/pages/Physics/Phyquestions/Chapter-11/4 (1).png",
          "src/pages/Physics/Phyquestions/Chapter-11/4 (2).png",
          "src/pages/Physics/Phyquestions/Chapter-11/4 (3).png",
          "src/pages/Physics/Phyquestions/Chapter-11/4 (4).png"
        ],
        "answer": "src/pages/Physics/Phyquestions/Chapter-11/4 (2).png"
      },
      {
        "question": "src/pages/Physics/Phyquestions/Chapter-11/5.png",
        "options": [
          "src/pages/Physics/Phyquestions/Chapter-11/5 (1).png",
          "src/pages/Physics/Phyquestions/Chapter-11/5 (2).png",
          "src/pages/Physics/Phyquestions/Chapter-11/5 (3).png",
          "src/pages/Physics/Phyquestions/Chapter-11/5 (4).png"
        ],
        "answer": "src/pages/Physics/Phyquestions/Chapter-11/5 (3).png"
      },
      {
        "question": "src/pages/Physics/Phyquestions/Chapter-11/6.png",
        "options": [
          "src/pages/Physics/Phyquestions/Chapter-11/6 (1).png",
          "src/pages/Physics/Phyquestions/Chapter-11/6 (2).png",
          "src/pages/Physics/Phyquestions/Chapter-11/6 (3).png",
          "src/pages/Physics/Phyquestions/Chapter-11/6 (4).png"
        ],
        "answer": "src/pages/Physics/Phyquestions/Chapter-11/6 (4).png"
      },
      {
        "question": "src/pages/Physics/Phyquestions/Chapter-11/7.png",
        "options": [
          "src/pages/Physics/Phyquestions/Chapter-11/7 (1).png",
          "src/pages/Physics/Phyquestions/Chapter-11/7 (2).png",
          "src/pages/Physics/Phyquestions/Chapter-11/7 (3).png",
          "src/pages/Physics/Phyquestions/Chapter-11/7 (4).png"
        ],
        "answer": "src/pages/Physics/Phyquestions/Chapter-11/7 (1).png"
      },
      {
        "question": "src/pages/Physics/Phyquestions/Chapter-11/8.png",
        "options": [
          "src/pages/Physics/Phyquestions/Chapter-11/8 (1).png",
          "src/pages/Physics/Phyquestions/Chapter-11/8 (2).png",
          "src/pages/Physics/Phyquestions/Chapter-11/8 (3).png",
          "src/pages/Physics/Phyquestions/Chapter-11/8 (4).png"
        ],
        "answer": "src/pages/Physics/Phyquestions/Chapter-11/8 (3).png"
      },
      {
        "question": "src/pages/Physics/Phyquestions/Chapter-11/9.png",
        "options": [
          "src/pages/Physics/Phyquestions/Chapter-11/9 (1).png",
          "src/pages/Physics/Phyquestions/Chapter-11/9 (2).png",
          "src/pages/Physics/Phyquestions/Chapter-11/9 (3).png",
          "src/pages/Physics/Phyquestions/Chapter-11/9 (4).png"
        ],
        "answer": "src/pages/Physics/Phyquestions/Chapter-11/9 (1).png"
      },
      {
        "question": "src/pages/Physics/Phyquestions/Chapter-11/10.png",
        "options": [
          "src/pages/Physics/Phyquestions/Chapter-11/10 (1).png",
          "src/pages/Physics/Phyquestions/Chapter-11/10 (2).png",
          "src/pages/Physics/Phyquestions/Chapter-11/10 (3).png",
          "src/pages/Physics/Phyquestions/Chapter-11/10 (4).png"
        ],
        "answer": "src/pages/Physics/Phyquestions/Chapter-11/10 (3).png"
      }
    ]
  }
]
}
