{
    "chapters": [
      {
        "chapter": "chapter-1",
        "questions": [
          {
            "question": "./Phyquestions/Chapter-1/1.png",
            "options": [
              "./Phyquestions/Chapter-1/1 (1).png",
              "./Phyquestions/Chapter-1/1 (2).png",
              "./Phyquestions/Chapter-1/1 (3).png",
              "./Phyquestions/Chapter-1/1 (4).png"
            ],
            "image": "./Phyquestions/Chapter-1/1-image.png",
            "answer": "./Phyquestions/Chapter-1/1 (2).png",
            "layout": "grid"
          },
          {
            "question": "./Phyquestions/Chapter-1/2.png",
            "options": [
              "./Phyquestions/Chapter-1/2 (1).png",
              "./Phyquestions/Chapter-1/2 (2).png",
              "./Phyquestions/Chapter-1/2 (3).png",
              "./Phyquestions/Chapter-1/2 (4).png"
            ],
            "answer": "./Phyquestions/Chapter-1/2 (3).png",
            "layout": "grid"
          },
          {
            "question": "./Phyquestions/Chapter-1/3.png",
            "options": [
              "./Phyquestions/Chapter-1/3 (1).png",
              "./Phyquestions/Chapter-1/3 (2).png",
              "./Phyquestions/Chapter-1/3 (3).png",
              "./Phyquestions/Chapter-1/3 (4).png"
            ],
            "image": "./Phyquestions/Chapter-1/3-image.png",
            "answer": "./Phyquestions/Chapter-1/3 (4).png",
            "layout": "grid",
            "option_mode": "imagey"
          },
          {
            "question": "./Phyquestions/Chapter-1/4.png",
            "options": [
              "./Phyquestions/Chapter-1/4 (1).png",
              "./Phyquestions/Chapter-1/4 (2).png",
              "./Phyquestions/Chapter-1/4 (3).png",
              "./Phyquestions/Chapter-1/4 (4).png"
            ],
            "answer": "./Phyquestions/Chapter-1/4 (2).png",
            "layout": "grid"
          },
          {
            "question": "./Phyquestions/Chapter-1/5.png",
            "options": [
              "./Phyquestions/Chapter-1/5 (1).png",
              "./Phyquestions/Chapter-1/5 (2).png",
              "./Phyquestions/Chapter-1/5 (3).png",
              "./Phyquestions/Chapter-1/5 (4).png"
            ],
            "image": "./Phyquestions/Chapter-1/5-image.png",
            "answer": "./Phyquestions/Chapter-1/5 (1).png",
            "layout": "grid"
          },
  
          {
            "question": "./Phyquestions/Chapter-1/6.png",
            "options": [
              "./Phyquestions/Chapter-1/6 (1).png",
              "./Phyquestions/Chapter-1/6 (2).png",
              "./Phyquestions/Chapter-1/6 (3).png",
              "./Phyquestions/Chapter-1/6 (4).png"
            ],
            "image": "./Phyquestions/Chapter-1/6-image.png",
            "answer": "./Phyquestions/Chapter-1/6 (2).png",
            "layout": "grid",
            "option_mode": "imagey"
          },
  
          {
            "question": "./Phyquestions/Chapter-1/7.png",
            "options": [
              "./Phyquestions/Chapter-1/7 (1).png",
              "./Phyquestions/Chapter-1/7 (2).png",
              "./Phyquestions/Chapter-1/7 (3).png",
              "./Phyquestions/Chapter-1/7 (4).png"
            ],
            "answer": "./Phyquestions/Chapter-1/7 (3).png",
            "layout": "grid"
          },
          {
            "question": "./Phyquestions/Chapter-1/8.png",
            "options": [
              "./Phyquestions/Chapter-1/8 (1).png",
              "./Phyquestions/Chapter-1/8 (2).png",
              "./Phyquestions/Chapter-1/8 (3).png",
              "./Phyquestions/Chapter-1/8 (4).png"
            ],
            "image": "./Phyquestions/Chapter-1/8-image.png",
            "answer": "./Phyquestions/Chapter-1/8 (1).png",
            "layout": "grid"
          },
          {
            "question": "./Phyquestions/Chapter-1/9.png",
            "options": [
              "./Phyquestions/Chapter-1/9 (1).png",
              "./Phyquestions/Chapter-1/9 (2).png",
              "./Phyquestions/Chapter-1/9 (3).png",
              "./Phyquestions/Chapter-1/9 (4).png"
            ],
            "answer": "./Phyquestions/Chapter-1/9 (3).png",
            "layout": "grid",
            "option_mode": "imagey"
          },
          {
            "question": "./Phyquestions/Chapter-1/10.png",
            "options": [
              "./Phyquestions/Chapter-1/10 (1).png",
              "./Phyquestions/Chapter-1/10 (2).png",
              "./Phyquestions/Chapter-1/10 (3).png",
              "./Phyquestions/Chapter-1/10 (4).png"
            ],
            "answer": "./Phyquestions/Chapter-1/10 (2).png",
            "layout": "grid",
            "option_mode": "image"
          },
          {
            "question": "./Phyquestions/Chapter-1/11.png",
            "options": [
              "./Phyquestions/Chapter-1/11 (1).png",
              "./Phyquestions/Chapter-1/11 (2).png",
              "./Phyquestions/Chapter-1/11 (3).png",
              "./Phyquestions/Chapter-1/11 (4).png"
            ],
            "answer": "./Phyquestions/Chapter-1/11 (1).png",
            "layout": "grid"
          },
          {
            "question": "./Phyquestions/Chapter-1/12.png",
            "options": [
              "./Phyquestions/Chapter-1/12 (1).png",
              "./Phyquestions/Chapter-1/12 (2).png",
              "./Phyquestions/Chapter-1/12 (3).png",
              "./Phyquestions/Chapter-1/12 (4).png"
            ],
            "answer": "./Phyquestions/Chapter-1/12 (3).png",
            "layout": "grid"
          },
          {
            "question": "./Phyquestions/Chapter-1/13.png",
            "options": [
              "./Phyquestions/Chapter-1/13 (1).png",
              "./Phyquestions/Chapter-1/13 (2).png",
              "./Phyquestions/Chapter-1/13 (3).png",
              "./Phyquestions/Chapter-1/13 (4).png"
            ],
            "answer": "./Phyquestions/Chapter-1/13 (4).png",
            "layout": "grid"
          },
          {
            "question": "./Phyquestions/Chapter-1/14.png",
            "options": [
              "./Phyquestions/Chapter-1/14 (1).png",
              "./Phyquestions/Chapter-1/14 (2).png",
              "./Phyquestions/Chapter-1/14 (3).png",
              "./Phyquestions/Chapter-1/14 (4).png"
            ],
            "image": "./Phyquestions/Chapter-1/14-image.png",
            "answer": "./Phyquestions/Chapter-1/14 (2).png",
            "layout": "grid",
            "option_mode": "imagey"
          },
          {
            "question": "./Phyquestions/Chapter-1/15.png",
            "options": [
              "./Phyquestions/Chapter-1/15 (1).png",
              "./Phyquestions/Chapter-1/15 (2).png",
              "./Phyquestions/Chapter-1/15 (3).png",
              "./Phyquestions/Chapter-1/15 (4).png"
            ],
            "answer": "./Phyquestions/Chapter-1/15 (1).png",
            "layout": "grid"
          }
        ]
      },
      {
        "chapter": "chapter-2",
        "questions": [
          {
            "question": "./Phyquestions/Chapter-2/1.png",
            "options": [
              "./Phyquestions/Chapter-2/1 (1).png",
              "./Phyquestions/Chapter-2/1 (2).png",
              "./Phyquestions/Chapter-2/1 (3).png",
              "./Phyquestions/Chapter-2/1 (4).png"
            ],
            "image": "./Phyquestions/Chapter-2/1-image.png",
            "answer": "./Phyquestions/Chapter-2/1 (1).png",
            "layout": "grid",
            "option_mode": "imagey"
          },
          {
            "question": "./Phyquestions/Chapter-2/2.png",
            "options": [
              "./Phyquestions/Chapter-2/2 (1).png",
              "./Phyquestions/Chapter-2/2 (2).png",
              "./Phyquestions/Chapter-2/2 (3).png",
              "./Phyquestions/Chapter-2/2 (4).png"
            ],
            "image": "./Phyquestions/Chapter-2/2-image.png",
            "answer": "./Phyquestions/Chapter-2/2 (1).png",
            "layout": "grid",
            "option_mode": "imagey"
          },
          {
            "question": "./Phyquestions/Chapter-2/3.png",
            "options": [
              "./Phyquestions/Chapter-2/3 (1).png",
              "./Phyquestions/Chapter-2/3 (2).png",
              "./Phyquestions/Chapter-2/3 (3).png",
              "./Phyquestions/Chapter-2/3 (4).png"
            ],
            "answer": "./Phyquestions/Chapter-2/3 (3).png",
            "layout": "grid"
          },
          {
            "question": "./Phyquestions/Chapter-2/4.png",
            "options": [
              "./Phyquestions/Chapter-2/4 (1).png",
              "./Phyquestions/Chapter-2/4 (2).png",
              "./Phyquestions/Chapter-2/4 (3).png",
              "./Phyquestions/Chapter-2/4 (4).png"
            ],
            "answer": "./Phyquestions/Chapter-2/4 (2).png",
            "layout": "grid"
          },
          {
            "question": "./Phyquestions/Chapter-2/5.png",
            "options": [
              "./Phyquestions/Chapter-2/5 (1).png",
              "./Phyquestions/Chapter-2/5 (2).png",
              "./Phyquestions/Chapter-2/5 (3).png",
              "./Phyquestions/Chapter-2/5 (4).png"
            ],
            "image": "./Phyquestions/Chapter-2/5-image.png",
            "answer": "./Phyquestions/Chapter-2/5 (1).png",
            "layout": "grid"
          },
          {
            "question": "./Phyquestions/Chapter-2/6.png",
            "options": [
              "./Phyquestions/Chapter-2/6 (1).png",
              "./Phyquestions/Chapter-2/6 (2).png",
              "./Phyquestions/Chapter-2/6 (3).png",
              "./Phyquestions/Chapter-2/6 (4).png"
            ],
            "answer": "./Phyquestions/Chapter-2/6 (3).png",
            "layout": "grid",
            "option_mode": "imagey"
          },
          {
            "question": "./Phyquestions/Chapter-2/7.png",
            "options": [
              "./Phyquestions/Chapter-2/7 (1).png",
              "./Phyquestions/Chapter-2/7 (2).png",
              "./Phyquestions/Chapter-2/7 (3).png",
              "./Phyquestions/Chapter-2/7 (4).png"
            ],
            "answer": "./Phyquestions/Chapter-2/7 (4).png",
            "layout": "grid"
          },
          {
            "question": "./Phyquestions/Chapter-2/8.png",
            "options": [
              "./Phyquestions/Chapter-2/8 (1).png",
              "./Phyquestions/Chapter-2/8 (2).png",
              "./Phyquestions/Chapter-2/8 (3).png",
              "./Phyquestions/Chapter-2/8 (4).png"
            ],
            "answer": "./Phyquestions/Chapter-2/8 (3).png",
            "layout": "grid",
            "option_mode": "imagey"
          },
          {
            "question": "./Phyquestions/Chapter-2/9.png",
            "options": [
              "./Phyquestions/Chapter-2/9 (1).png",
              "./Phyquestions/Chapter-2/9 (2).png",
              "./Phyquestions/Chapter-2/9 (3).png",
              "./Phyquestions/Chapter-2/9 (4).png"
            ],
            "answer": "./Phyquestions/Chapter-2/9 (4).png",
            "layout": "grid"
          },
          {
            "question": "./Phyquestions/Chapter-2/10.png",
            "options": [
              "./Phyquestions/Chapter-2/10 (1).png",
              "./Phyquestions/Chapter-2/10 (2).png",
              "./Phyquestions/Chapter-2/10 (3).png",
              "./Phyquestions/Chapter-2/10 (4).png"
            ],
            "image": "./Phyquestions/Chapter-2/10-image.png",
            "answer": "./Phyquestions/Chapter-2/10 (3).png",
            "layout": "grid"
          },
          {
            "question": "./Phyquestions/Chapter-2/11.png",
            "options": [
              "./Phyquestions/Chapter-2/11 (1).png",
              "./Phyquestions/Chapter-2/11 (2).png",
              "./Phyquestions/Chapter-2/11 (3).png",
              "./Phyquestions/Chapter-2/11 (4).png"
            ],
            "image": "./Phyquestions/Chapter-2/11-image.png",
            "answer": "./Phyquestions/Chapter-2/11 (1).png",
            "layout": "grid"
          },
          {
            "question": "./Phyquestions/Chapter-2/12.png",
            "options": [
              "./Phyquestions/Chapter-2/12 (1).png",
              "./Phyquestions/Chapter-2/12 (2).png",
              "./Phyquestions/Chapter-2/12 (3).png",
              "./Phyquestions/Chapter-2/12 (4).png"
            ],
            "answer": "./Phyquestions/Chapter-2/12 (4).png",
            "layout": "grid"
          },
          {
            "question": "./Phyquestions/Chapter-2/13.png",
            "options": [
              "./Phyquestions/Chapter-2/13 (1).png",
              "./Phyquestions/Chapter-2/13 (2).png",
              "./Phyquestions/Chapter-2/13 (3).png",
              "./Phyquestions/Chapter-2/13 (4).png"
            ],
            "answer": "./Phyquestions/Chapter-2/13 (2).png",
            "layout": "grid"
          },
          {
            "question": "./Phyquestions/Chapter-2/14.png",
            "options": [
              "./Phyquestions/Chapter-2/14 (1).png",
              "./Phyquestions/Chapter-2/14 (2).png",
              "./Phyquestions/Chapter-2/14 (3).png",
              "./Phyquestions/Chapter-2/14 (4).png"
            ],
            "answer": "./Phyquestions/Chapter-2/14 (4).png",
            "layout": "grid"
          },
          {
            "question": "./Phyquestions/Chapter-2/15.png",
            "options": [
              "./Phyquestions/Chapter-2/15 (1).png",
              "./Phyquestions/Chapter-2/15 (2).png",
              "./Phyquestions/Chapter-2/15 (3).png",
              "./Phyquestions/Chapter-2/15 (4).png"
            ],
            "answer": "./Phyquestions/Chapter-2/15 (1).png",
            "layout": "grid"
          }
        ]
      },
  
      {
        "chapter": "chapter-3",
        "questions": [
          {
            "question": "./Phyquestions/Chapter-3/1.png",
            "options": [
              "./Phyquestions/Chapter-3/1 (1).png",
              "./Phyquestions/Chapter-3/1 (2).png",
              "./Phyquestions/Chapter-3/1 (3).png",
              "./Phyquestions/Chapter-3/1 (4).png"
            ],
            "image": "./Phyquestions/Chapter-3/1-image.png",
            "answer": "./Phyquestions/Chapter-3/1 (1).png",
            "option_mode": "imagey"
          },
          {
            "question": "./Phyquestions/Chapter-3/2.png",
            "options": [
              "./Phyquestions/Chapter-3/2 (1).png",
              "./Phyquestions/Chapter-3/2 (2).png",
              "./Phyquestions/Chapter-3/2 (3).png",
              "./Phyquestions/Chapter-3/2 (4).png"
            ],
            "image": "./Phyquestions/Chapter-3/2-image.jpg",
            "answer": "./Phyquestions/Chapter-3/2 (4).png",
            "option_mode": "imagey"
          },
          {
            "question": "./Phyquestions/Chapter-3/3.png",
            "options": [
              "./Phyquestions/Chapter-3/3 (1).png",
              "./Phyquestions/Chapter-3/3 (2).png",
              "./Phyquestions/Chapter-3/3 (3).png",
              "./Phyquestions/Chapter-3/3 (4).png"
            ],
            "answer": "./Phyquestions/Chapter-3/3 (3).png",
            "option_mode": "imagey"
          },
          {
            "question": "./Phyquestions/Chapter-3/4.png",
            "options": [
              "./Phyquestions/Chapter-3/4 (1).png",
              "./Phyquestions/Chapter-3/4 (2).png",
              "./Phyquestions/Chapter-3/4 (3).png",
              "./Phyquestions/Chapter-3/4 (4).png"
            ],
            "answer": "./Phyquestions/Chapter-3/4 (2).png"
          },
          {
            "question": "./Phyquestions/Chapter-3/5.png",
            "options": [
              "./Phyquestions/Chapter-3/5 (1).png",
              "./Phyquestions/Chapter-3/5 (2).png",
              "./Phyquestions/Chapter-3/5 (3).png",
              "./Phyquestions/Chapter-3/5 (4).png"
            ],
            "answer": "./Phyquestions/Chapter-3/5 (2).png"
          },
          {
            "question": "./Phyquestions/Chapter-3/6.png",
            "options": [
              "./Phyquestions/Chapter-3/6 (1).png",
              "./Phyquestions/Chapter-3/6 (2).png",
              "./Phyquestions/Chapter-3/6 (3).png",
              "./Phyquestions/Chapter-3/6 (4).png"
            ],
            "answer": "./Phyquestions/Chapter-3/6 (1).png"
          },
          {
            "question": "./Phyquestions/Chapter-3/7.png",
            "options": [
              "./Phyquestions/Chapter-3/7 (1).png",
              "./Phyquestions/Chapter-3/7 (2).png",
              "./Phyquestions/Chapter-3/7 (3).png",
              "./Phyquestions/Chapter-3/7 (4).png"
            ],
            "image": "./Phyquestions/Chapter-3/7-image.jpg",
            "answer": "./Phyquestions/Chapter-3/7 (2).png",
            "option_mode": "imagey"
          },
          {
            "question": "./Phyquestions/Chapter-3/8.png",
            "options": [
              "./Phyquestions/Chapter-3/8 (1).png",
              "./Phyquestions/Chapter-3/8 (2).png",
              "./Phyquestions/Chapter-3/8 (3).png",
              "./Phyquestions/Chapter-3/8 (4).png"
            ],
            "answer": "./Phyquestions/Chapter-3/8 (1).png",
            "option_mode": "imagey"
          },
          {
            "question": "./Phyquestions/Chapter-3/9.png",
            "options": [
              "./Phyquestions/Chapter-3/9 (1).png",
              "./Phyquestions/Chapter-3/9 (2).png",
              "./Phyquestions/Chapter-3/9 (3).png",
              "./Phyquestions/Chapter-3/9 (4).png"
            ],
            "image": "./Phyquestions/Chapter-3/9-image.jpg",
            "answer": "./Phyquestions/Chapter-3/9 (2).png",
            "option_mode": "imagey"
          },
          {
            "question": "./Phyquestions/Chapter-3/10.png",
            "options": [
              "./Phyquestions/Chapter-3/10 (1).png",
              "./Phyquestions/Chapter-3/10 (2).png",
              "./Phyquestions/Chapter-3/10 (3).png",
              "./Phyquestions/Chapter-3/10 (4).png"
            ],
            "answer": "./Phyquestions/Chapter-3/10 (3).png",
            "option_mode": "imagey"
          },
          {
            "question": "./Phyquestions/Chapter-3/11.png",
            "options": [
              "./Phyquestions/Chapter-3/11 (1).png",
              "./Phyquestions/Chapter-3/11 (2).png",
              "./Phyquestions/Chapter-3/11 (3).png",
              "./Phyquestions/Chapter-3/11 (4).png"
            ],
            "image": "./Phyquestions/Chapter-3/11-image.png",
            "answer": "./Phyquestions/Chapter-3/11 (3).png"
          },
          {
            "question": "./Phyquestions/Chapter-3/12.png",
            "options": [
              "./Phyquestions/Chapter-3/12 (1).png",
              "./Phyquestions/Chapter-3/12 (2).png",
              "./Phyquestions/Chapter-3/12 (3).png",
              "./Phyquestions/Chapter-3/12 (4).png"
            ],
            "answer": "./Phyquestions/Chapter-3/12 (3).png"
          },
          {
            "question": "./Phyquestions/Chapter-3/13.png",
            "options": [
              "./Phyquestions/Chapter-3/13 (1).png",
              "./Phyquestions/Chapter-3/13 (2).png",
              "./Phyquestions/Chapter-3/13 (3).png",
              "./Phyquestions/Chapter-3/13 (4).png"
            ],
            "answer": "./Phyquestions/Chapter-3/13 (2).png"
          },
          {
            "question": "./Phyquestions/Chapter-3/14.png",
            "options": [
              "./Phyquestions/Chapter-3/14 (1).png",
              "./Phyquestions/Chapter-3/14 (2).png",
              "./Phyquestions/Chapter-3/14 (3).png",
              "./Phyquestions/Chapter-3/14 (4).png"
            ],
            "answer": "./Phyquestions/Chapter-3/14 (4).png",
            "option_mode": "imagey"
          },
          {
            "question": "./Phyquestions/Chapter-3/15.png",
            "options": [
              "./Phyquestions/Chapter-3/15 (1).png",
              "./Phyquestions/Chapter-3/15 (2).png",
              "./Phyquestions/Chapter-3/15 (3).png",
              "./Phyquestions/Chapter-3/15 (4).png"
            ],
            "answer": "./Phyquestions/Chapter-3/15 (3).png"
          }
        ]
      },
  
      {
        "chapter": "chapter-4",
        "questions": [
          {
            "question": "./Phyquestions/Chapter-4/1.png",
            "options": [
              "./Phyquestions/Chapter-4/1 (1).png",
              "./Phyquestions/Chapter-4/1 (2).png",
              "./Phyquestions/Chapter-4/1 (3).png",
              "./Phyquestions/Chapter-4/1 (4).png"
            ],
            "image": "./Phyquestions/Chapter-4/1-image.jpg",
            "answer": "./Phyquestions/Chapter-4/1 (1).png",
            "option_mode": "imagez"
          },
          {
            "question": "./Phyquestions/Chapter-4/2.png",
            "options": [
              "./Phyquestions/Chapter-4/2 (1).png",
              "./Phyquestions/Chapter-4/2 (2).png",
              "./Phyquestions/Chapter-4/2 (3).png",
              "./Phyquestions/Chapter-4/2 (4).png"
            ],
            "image": "./Phyquestions/Chapter-4/2-image.png",
            "answer": "./Phyquestions/Chapter-4/2 (4).png",
            "option_mode": "imagez"
          },
          {
            "question": "./Phyquestions/Chapter-4/3.png",
            "options": [
              "./Phyquestions/Chapter-4/3 (1).png",
              "./Phyquestions/Chapter-4/3 (2).png",
              "./Phyquestions/Chapter-4/3 (3).png",
              "./Phyquestions/Chapter-4/3 (4).png"
            ],
            "answer": "./Phyquestions/Chapter-4/3 (2).png"
          },
          {
            "question": "./Phyquestions/Chapter-4/4.png",
            "options": [
              "./Phyquestions/Chapter-4/4 (1).png",
              "./Phyquestions/Chapter-4/4 (2).png",
              "./Phyquestions/Chapter-4/4 (3).png",
              "./Phyquestions/Chapter-4/4 (4).png"
            ],
            "answer": "./Phyquestions/Chapter-4/4 (4).png"
          },
  
          {
            "question": "./Phyquestions/Chapter-4/5.png",
            "options": [
              "./Phyquestions/Chapter-4/5 (1).png",
              "./Phyquestions/Chapter-4/5 (2).png",
              "./Phyquestions/Chapter-4/5 (3).png",
              "./Phyquestions/Chapter-4/5 (4).png"
            ],
            "image": "./Phyquestions/Chapter-4/5-image.png",
            "answer": "./Phyquestions/Chapter-4/5 (1).png",
            "option_mode": "image"
          },
  
          {
            "question": "./Phyquestions/Chapter-4/6.png",
            "options": [
              "./Phyquestions/Chapter-4/6 (1).png",
              "./Phyquestions/Chapter-4/6 (2).png",
              "./Phyquestions/Chapter-4/6 (3).png",
              "./Phyquestions/Chapter-4/6 (4).png"
            ],
            "answer": "./Phyquestions/Chapter-4/6 (1).png"
          },
          {
            "question": "./Phyquestions/Chapter-4/7.png",
            "options": [
              "./Phyquestions/Chapter-4/7 (1).png",
              "./Phyquestions/Chapter-4/7 (2).png",
              "./Phyquestions/Chapter-4/7 (3).png",
              "./Phyquestions/Chapter-4/7 (4).png"
            ],
            "answer": "./Phyquestions/Chapter-4/7 (1).png"
          },
          {
            "question": "./Phyquestions/Chapter-4/8.png",
            "options": [
              "./Phyquestions/Chapter-4/8 (1).png",
              "./Phyquestions/Chapter-4/8 (2).png",
              "./Phyquestions/Chapter-4/8 (3).png",
              "./Phyquestions/Chapter-4/8 (4).png"
            ],
            "answer": "./Phyquestions/Chapter-4/8 (2).png"
          },
          {
            "question": "./Phyquestions/Chapter-4/9.png",
            "options": [
              "./Phyquestions/Chapter-4/9 (1).png",
              "./Phyquestions/Chapter-4/9 (2).png",
              "./Phyquestions/Chapter-4/9 (3).png",
              "./Phyquestions/Chapter-4/9 (4).png"
            ],
            "answer": "./Phyquestions/Chapter-4/9 (3).png",
            "option_mode": "imagey"
          },
          {
            "question": "./Phyquestions/Chapter-4/10.png",
            "options": [
              "./Phyquestions/Chapter-4/10 (1).png",
              "./Phyquestions/Chapter-4/10 (2).png",
              "./Phyquestions/Chapter-4/10 (3).png",
              "./Phyquestions/Chapter-4/10 (4).png"
            ],
            "answer": "./Phyquestions/Chapter-4/10 (1).png",
            "option_mode": "imagey"
          },
          {
            "question": "./Phyquestions/Chapter-4/11.png",
            "options": [
              "./Phyquestions/Chapter-4/11 (1).png",
              "./Phyquestions/Chapter-4/11 (2).png",
              "./Phyquestions/Chapter-4/11 (3).png",
              "./Phyquestions/Chapter-4/11 (4).png"
            ],
            "answer": "./Phyquestions/Chapter-4/11 (3).png"
          },
          {
            "question": "./Phyquestions/Chapter-4/12.png",
            "options": [
              "./Phyquestions/Chapter-4/12 (1).png",
              "./Phyquestions/Chapter-4/12 (2).png",
              "./Phyquestions/Chapter-4/12 (3).png",
              "./Phyquestions/Chapter-4/12 (4).png"
            ],
            "answer": "./Phyquestions/Chapter-4/12 (3).png"
          },
          {
            "question": "./Phyquestions/Chapter-4/13.png",
            "options": [
              "./Phyquestions/Chapter-4/13 (1).png",
              "./Phyquestions/Chapter-4/13 (2).png",
              "./Phyquestions/Chapter-4/13 (3).png",
              "./Phyquestions/Chapter-4/13 (4).png"
            ],
            "answer": "./Phyquestions/Chapter-4/13 (4).png",
            "option_mode": "imagey"
          },
          {
            "question": "./Phyquestions/Chapter-4/14.png",
            "options": [
              "./Phyquestions/Chapter-4/14 (1).png",
              "./Phyquestions/Chapter-4/14 (2).png",
              "./Phyquestions/Chapter-4/14 (3).png",
              "./Phyquestions/Chapter-4/14 (4).png"
            ],
            "answer": "./Phyquestions/Chapter-4/14 (3).png",
            "option_mode": "imagey"
          },
          {
            "question": "./Phyquestions/Chapter-4/15.png",
            "options": [
              "./Phyquestions/Chapter-4/15 (1).png",
              "./Phyquestions/Chapter-4/15 (2).png",
              "./Phyquestions/Chapter-4/15 (3).png",
              "./Phyquestions/Chapter-4/15 (4).png"
            ],
            "answer": "./Phyquestions/Chapter-4/15 (4).png"
          }
        ]
      },
      {
        "chapter": "chapter-5",
        "questions": [
          {
            "question": "./Phyquestions/Chapter-5/1.png",
            "options": [
              "./Phyquestions/Chapter-5/1 (1).png",
              "./Phyquestions/Chapter-5/1 (2).png",
              "./Phyquestions/Chapter-5/1 (3).png",
              "./Phyquestions/Chapter-5/1 (4).png"
            ],
            "answer": "./Phyquestions/Chapter-5/1 (2).png"
          },
          {
            "question": "./Phyquestions/Chapter-5/2.png",
            "options": [
              "./Phyquestions/Chapter-5/2 (1).png",
              "./Phyquestions/Chapter-5/2 (2).png",
              "./Phyquestions/Chapter-5/2 (3).png",
              "./Phyquestions/Chapter-5/2 (4).png"
            ],
            "answer": "./Phyquestions/Chapter-5/2 (4).png"
          },
          {
            "question": "./Phyquestions/Chapter-5/3.png",
            "options": [
              "./Phyquestions/Chapter-5/3 (1).png",
              "./Phyquestions/Chapter-5/3 (2).png",
              "./Phyquestions/Chapter-5/3 (3).png",
              "./Phyquestions/Chapter-5/3 (4).png"
            ],
            "answer": "./Phyquestions/Chapter-5/3 (4).png"
          },
          {
            "question": "./Phyquestions/Chapter-5/4.png",
            "options": [
              "./Phyquestions/Chapter-5/4 (1).png",
              "./Phyquestions/Chapter-5/4 (2).png",
              "./Phyquestions/Chapter-5/4 (3).png",
              "./Phyquestions/Chapter-5/4 (4).png"
            ],
            "answer": "./Phyquestions/Chapter-5/4 (3).png"
          },
          {
            "question": "./Phyquestions/Chapter-5/5.png",
            "options": [
              "./Phyquestions/Chapter-5/5 (1).png",
              "./Phyquestions/Chapter-5/5 (2).png",
              "./Phyquestions/Chapter-5/5 (3).png",
              "./Phyquestions/Chapter-5/5 (4).png"
            ],
            "answer": "./Phyquestions/Chapter-5/5 (1).png"
          },
          {
            "question": "./Phyquestions/Chapter-5/6.png",
            "options": [
              "./Phyquestions/Chapter-5/6 (1).png",
              "./Phyquestions/Chapter-5/6 (2).png",
              "./Phyquestions/Chapter-5/6 (3).png",
              "./Phyquestions/Chapter-5/6 (4).png"
            ],
            "answer": "./Phyquestions/Chapter-5/6 (2).png"
          },
          {
            "question": "./Phyquestions/Chapter-5/7.png",
            "options": [
              "./Phyquestions/Chapter-5/7 (1).png",
              "./Phyquestions/Chapter-5/7 (2).png",
              "./Phyquestions/Chapter-5/7 (3).png",
              "./Phyquestions/Chapter-5/7 (4).png"
            ],
            "answer": "./Phyquestions/Chapter-5/7 (1).png"
          },
          {
            "question": "./Phyquestions/Chapter-5/8.png",
            "options": [
              "./Phyquestions/Chapter-5/8 (1).png",
              "./Phyquestions/Chapter-5/8 (2).png",
              "./Phyquestions/Chapter-5/8 (3).png",
              "./Phyquestions/Chapter-5/8 (4).png"
            ],
            "answer": "./Phyquestions/Chapter-5/8 (3).png"
          },
          {
            "question": "./Phyquestions/Chapter-5/9.png",
            "options": [
              "./Phyquestions/Chapter-5/9 (1).png",
              "./Phyquestions/Chapter-5/9 (2).png",
              "./Phyquestions/Chapter-5/9 (3).png",
              "./Phyquestions/Chapter-5/9 (4).png"
            ],
            "answer": "./Phyquestions/Chapter-5/9 (2).png"
          },
          {
            "question": "./Phyquestions/Chapter-5/10.png",
            "options": [
              "./Phyquestions/Chapter-5/10 (1).png",
              "./Phyquestions/Chapter-5/10 (2).png",
              "./Phyquestions/Chapter-5/10 (3).png",
              "./Phyquestions/Chapter-5/10 (4).png"
            ],
            "answer": "./Phyquestions/Chapter-5/10 (2).png"
          },
          {
            "question": "./Phyquestions/Chapter-5/11.png",
            "options": [
              "./Phyquestions/Chapter-5/11 (1).png",
              "./Phyquestions/Chapter-5/11 (2).png",
              "./Phyquestions/Chapter-5/11 (3).png",
              "./Phyquestions/Chapter-5/11 (4).png"
            ],
            "answer": "./Phyquestions/Chapter-5/11 (3).png"
          },
          {
            "question": "./Phyquestions/Chapter-5/12.png",
            "options": [
              "./Phyquestions/Chapter-5/12 (1).png",
              "./Phyquestions/Chapter-5/12 (2).png",
              "./Phyquestions/Chapter-5/12 (3).png",
              "./Phyquestions/Chapter-5/12 (4).png"
            ],
            "answer": "./Phyquestions/Chapter-5/12 (1).png",
            "option_mode": "imagez"
          },
  
          {
            "question": "./Phyquestions/Chapter-5/13.png",
            "options": [
              "./Phyquestions/Chapter-5/13 (1).png",
              "./Phyquestions/Chapter-5/13 (2).png",
              "./Phyquestions/Chapter-5/13 (3).png",
              "./Phyquestions/Chapter-5/13 (4).png"
            ],
            "answer": "./Phyquestions/Chapter-5/13 (4).png"
          },
  
          {
            "question": "./Phyquestions/Chapter-5/14.png",
            "options": [
              "./Phyquestions/Chapter-5/14 (1).png",
              "./Phyquestions/Chapter-5/14 (2).png",
              "./Phyquestions/Chapter-5/14 (3).png",
              "./Phyquestions/Chapter-5/14 (4).png"
            ],
            "answer": "./Phyquestions/Chapter-5/14 (4).png",
            "option_mode": "imagez"
          },
          {
            "question": "./Phyquestions/Chapter-5/15.png",
            "options": [
              "./Phyquestions/Chapter-5/15 (1).png",
              "./Phyquestions/Chapter-5/15 (2).png",
              "./Phyquestions/Chapter-5/15 (3).png",
              "./Phyquestions/Chapter-5/15 (4).png"
            ],
            "answer": "./Phyquestions/Chapter-5/15 (1).png"
          }
        ]
      },
  
      {
        "chapter": "chapter-6",
        "questions": [
          {
            "question": "./Phyquestions/Chapter-6/1.png",
            "options": [
              "./Phyquestions/Chapter-6/1 (1).png",
              "./Phyquestions/Chapter-6/1 (2).png",
              "./Phyquestions/Chapter-6/1 (3).png",
              "./Phyquestions/Chapter-6/1 (4).png"
            ],
            "answer": "./Phyquestions/Chapter-6/1 (2).png"
          },
          {
            "question": "./Phyquestions/Chapter-6/2.png",
            "options": [
              "./Phyquestions/Chapter-6/2 (1).png",
              "./Phyquestions/Chapter-6/2 (2).png",
              "./Phyquestions/Chapter-6/2 (3).png",
              "./Phyquestions/Chapter-6/2 (4).png"
            ],
            "answer": "./Phyquestions/Chapter-6/2 (2).png"
          },
          {
            "question": "./Phyquestions/Chapter-6/3.png",
            "options": [
              "./Phyquestions/Chapter-6/3 (1).png",
              "./Phyquestions/Chapter-6/3 (2).png",
              "./Phyquestions/Chapter-6/3 (3).png",
              "./Phyquestions/Chapter-6/3 (4).png"
            ],
            "answer": "./Phyquestions/Chapter-6/3 (4).png"
          },
          {
            "question": "./Phyquestions/Chapter-6/4.png",
            "options": [
              "./Phyquestions/Chapter-6/4 (1).png",
              "./Phyquestions/Chapter-6/4 (2).png",
              "./Phyquestions/Chapter-6/4 (3).png",
              "./Phyquestions/Chapter-6/4 (4).png"
            ],
            "answer": "./Phyquestions/Chapter-6/4 (1).png"
          },
          {
            "question": "./Phyquestions/Chapter-6/5.png",
            "options": [
              "./Phyquestions/Chapter-6/5 (1).png",
              "./Phyquestions/Chapter-6/5 (2).png",
              "./Phyquestions/Chapter-6/5 (3).png",
              "./Phyquestions/Chapter-6/5 (4).png"
            ],
            "answer": "./Phyquestions/Chapter-6/5 (2).png",
            "option_mode": "imagey"
          },
          {
            "question": "./Phyquestions/Chapter-6/6.png",
            "options": [
              "./Phyquestions/Chapter-6/6 (1).png",
              "./Phyquestions/Chapter-6/6 (2).png",
              "./Phyquestions/Chapter-6/6 (3).png",
              "./Phyquestions/Chapter-6/6 (4).png"
            ],
            "answer": "./Phyquestions/Chapter-6/6 (3).png"
          },
          {
            "question": "./Phyquestions/Chapter-6/7.png",
            "options": [
              "./Phyquestions/Chapter-6/7 (1).png",
              "./Phyquestions/Chapter-6/7 (2).png",
              "./Phyquestions/Chapter-6/7 (3).png",
              "./Phyquestions/Chapter-6/7 (4).png"
            ],
            "answer": "./Phyquestions/Chapter-6/7 (4).png"
          },
          {
            "question": "./Phyquestions/Chapter-6/8.png",
            "options": [
              "./Phyquestions/Chapter-6/8 (1).png",
              "./Phyquestions/Chapter-6/8 (2).png",
              "./Phyquestions/Chapter-6/8 (3).png",
              "./Phyquestions/Chapter-6/8 (4).png"
            ],
            "answer": "./Phyquestions/Chapter-6/8 (2).png"
          },
          {
            "question": "./Phyquestions/Chapter-6/9.png",
            "options": [
              "./Phyquestions/Chapter-6/9 (1).png",
              "./Phyquestions/Chapter-6/9 (2).png",
              "./Phyquestions/Chapter-6/9 (3).png",
              "./Phyquestions/Chapter-6/9 (4).png"
            ],
            "answer": "./Phyquestions/Chapter-6/9 (3).png"
          },
          {
            "question": "./Phyquestions/Chapter-6/10.png",
            "options": [
              "./Phyquestions/Chapter-6/10 (1).png",
              "./Phyquestions/Chapter-6/10 (2).png",
              "./Phyquestions/Chapter-6/10 (3).png",
              "./Phyquestions/Chapter-6/10 (4).png"
            ],
            "answer": "./Phyquestions/Chapter-6/10 (4).png"
          }
        ]
      },
      {
        "chapter":"chapter-7",
        "questions": [
          {
            "question": "./Phyquestions/Chapter-7/1.png",
            "options": [
              "./Phyquestions/Chapter-7/1 (1).png",
              "./Phyquestions/Chapter-7/1 (2).png",
              "./Phyquestions/Chapter-7/1 (3).png",
              "./Phyquestions/Chapter-7/1 (4).png"
            ],
            "answer": "./Phyquestions/Chapter-7/1 (4).png"
          },
          {
            "question": "./Phyquestions/Chapter-7/2.png",
            "options": [
              "./Phyquestions/Chapter-7/2 (1).png",
              "./Phyquestions/Chapter-7/2 (2).png",
              "./Phyquestions/Chapter-7/2 (3).png",
              "./Phyquestions/Chapter-7/2 (4).png"
            ],
            "answer": "./Phyquestions/Chapter-7/2 (2).png"
          },
          {
            "question": "./Phyquestions/Chapter-7/3.png",
            "options": [
              "./Phyquestions/Chapter-7/3 (1).png",
              "./Phyquestions/Chapter-7/3 (2).png",
              "./Phyquestions/Chapter-7/3 (3).png",
              "./Phyquestions/Chapter-7/3 (4).png"
            ],
            "answer": "./Phyquestions/Chapter-7/3 (1).png",
            "option_mode": "imagey"
          },
          {
            "question": "./Phyquestions/Chapter-7/4.png",
            "options": [
              "./Phyquestions/Chapter-7/4 (1).png",
              "./Phyquestions/Chapter-7/4 (2).png",
              "./Phyquestions/Chapter-7/4 (3).png",
              "./Phyquestions/Chapter-7/4 (4).png"
            ],
            "answer": "./Phyquestions/Chapter-7/4 (3).png"
          },
          {
            "question": "./Phyquestions/Chapter-7/5.png",
            "options": [
              "./Phyquestions/Chapter-7/5 (1).png",
              "./Phyquestions/Chapter-7/5 (2).png",
              "./Phyquestions/Chapter-7/5 (3).png",
              "./Phyquestions/Chapter-7/5 (4).png"
            ],
            "answer": "./Phyquestions/Chapter-7/5 (2).png"
          },
          {
            "question": "./Phyquestions/Chapter-7/6.png",
            "options": [
              "./Phyquestions/Chapter-7/6 (1).png",
              "./Phyquestions/Chapter-7/6 (2).png",
              "./Phyquestions/Chapter-7/6 (3).png",
              "./Phyquestions/Chapter-7/6 (4).png"
            ],
            "answer": "./Phyquestions/Chapter-7/6 (2).png"
          },
          {
            "question": "./Phyquestions/Chapter-7/7.png",
            "options": [
              "./Phyquestions/Chapter-7/7 (1).png",
              "./Phyquestions/Chapter-7/7 (2).png",
              "./Phyquestions/Chapter-7/7 (3).png",
              "./Phyquestions/Chapter-7/7 (4).png"
            ],
            "answer": "./Phyquestions/Chapter-7/7 (1).png",
            "option_mode": "imagey"
          },
          {
            "question": "./Phyquestions/Chapter-7/8.png",
            "options": [
              "./Phyquestions/Chapter-7/8 (1).png",
              "./Phyquestions/Chapter-7/8 (2).png",
              "./Phyquestions/Chapter-7/8 (3).png",
              "./Phyquestions/Chapter-7/8 (4).png"
            ],
            "image": "./Phyquestions/Chapter-7/8-image.png",
            "answer": "./Phyquestions/Chapter-7/8 (2).png"
          },
          {
            "question": "./Phyquestions/Chapter-7/9.png",
            "options": [
              "./Phyquestions/Chapter-7/9 (1).png",
              "./Phyquestions/Chapter-7/9 (2).png",
              "./Phyquestions/Chapter-7/9 (3).png",
              "./Phyquestions/Chapter-7/9 (4).png"
            ],
            "answer": "./Phyquestions/Chapter-7/9 (3).png"
          },
          {
            "question": "./Phyquestions/Chapter-7/10.png",
            "options": [
              "./Phyquestions/Chapter-7/10 (1).png",
              "./Phyquestions/Chapter-7/10 (2).png",
              "./Phyquestions/Chapter-7/10 (3).png",
              "./Phyquestions/Chapter-7/10 (4).png"
            ],
            "answer": "./Phyquestions/Chapter-7/10 (4).png"
          }
        ]
      },
  
      {
        "chapter": "chapter-8",
        "questions": [
          {
            "question": "./Phyquestions/Chapter-8/1.png",
            "options": [
              "./Phyquestions/Chapter-8/1 (1).png",
              "./Phyquestions/Chapter-8/1 (2).png",
              "./Phyquestions/Chapter-8/1 (3).png",
              "./Phyquestions/Chapter-8/1 (4).png"
            ],
            "answer": "./Phyquestions/Chapter-8/1 (4).png",
            "option_mode": "imagey"
          },
          {
            "question": "./Phyquestions/Chapter-8/2.png",
            "options": [
              "./Phyquestions/Chapter-8/2 (1).png",
              "./Phyquestions/Chapter-8/2 (2).png",
              "./Phyquestions/Chapter-8/2 (3).png",
              "./Phyquestions/Chapter-8/2 (4).png"
            ],
            "answer": "./Phyquestions/Chapter-8/2 (3).png"
          },
          {
            "question": "./Phyquestions/Chapter-8/3.png",
            "options": [
              "./Phyquestions/Chapter-8/3 (1).png",
              "./Phyquestions/Chapter-8/3 (2).png",
              "./Phyquestions/Chapter-8/3 (3).png",
              "./Phyquestions/Chapter-8/3 (4).png"
            ],
            "answer": "./Phyquestions/Chapter-8/3 (4).png"
          },
          {
            "question": "./Phyquestions/Chapter-8/4.png",
            "options": [
              "./Phyquestions/Chapter-8/4 (1).png",
              "./Phyquestions/Chapter-8/4 (2).png",
              "./Phyquestions/Chapter-8/4 (3).png",
              "./Phyquestions/Chapter-8/4 (4).png"
            ],
            "answer": "./Phyquestions/Chapter-8/4 (4).png",
            "option_mode": "imagey"
          },
          {
            "question": "./Phyquestions/Chapter-8/5.png",
            "options": [
              "./Phyquestions/Chapter-8/5 (1).png",
              "./Phyquestions/Chapter-8/5 (2).png",
              "./Phyquestions/Chapter-8/5 (3).png",
              "./Phyquestions/Chapter-8/5 (4).png"
            ],
            "answer": "./Phyquestions/Chapter-8/5 (2).png"
          },
          {
            "question": "./Phyquestions/Chapter-8/6.png",
            "options": [
              "./Phyquestions/Chapter-8/6 (1).png",
              "./Phyquestions/Chapter-8/6 (2).png",
              "./Phyquestions/Chapter-8/6 (3).png",
              "./Phyquestions/Chapter-8/6 (4).png"
            ],
            "answer": "./Phyquestions/Chapter-8/6 (4).png",
            "option_mode": "imagey"
          },
          {
            "question": "./Phyquestions/Chapter-8/7.png",
            "options": [
              "./Phyquestions/Chapter-8/7 (1).png",
              "./Phyquestions/Chapter-8/7 (2).png",
              "./Phyquestions/Chapter-8/7 (3).png",
              "./Phyquestions/Chapter-8/7 (4).png"
            ],
            "answer": "./Phyquestions/Chapter-8/7 (2).png",
            "option_mode": "imagey"
          },
          {
            "question": "./Phyquestions/Chapter-8/8.png",
            "options": [
              "./Phyquestions/Chapter-8/8 (1).png",
              "./Phyquestions/Chapter-8/8 (2).png",
              "./Phyquestions/Chapter-8/8 (3).png",
              "./Phyquestions/Chapter-8/8 (4).png"
            ],
            "answer": "./Phyquestions/Chapter-8/8 (2).png"
          },
          {
            "question": "./Phyquestions/Chapter-8/9.png",
            "options": [
              "./Phyquestions/Chapter-8/9 (1).png",
              "./Phyquestions/Chapter-8/9 (2).png",
              "./Phyquestions/Chapter-8/9 (3).png",
              "./Phyquestions/Chapter-8/9 (4).png"
            ],
            "answer": "./Phyquestions/Chapter-8/9 (3).png"
          },
          {
            "question": "./Phyquestions/Chapter-8/10.png",
            "options": [
              "./Phyquestions/Chapter-8/10 (1).png",
              "./Phyquestions/Chapter-8/10 (2).png",
              "./Phyquestions/Chapter-8/10 (3).png",
              "./Phyquestions/Chapter-8/10 (4).png"
            ],
            "answer": "./Phyquestions/Chapter-8/10 (1).png"
          },
          {
            "question": "./Phyquestions/Chapter-8/11.png",
            "options": [
              "./Phyquestions/Chapter-8/11 (1).png",
              "./Phyquestions/Chapter-8/11 (2).png",
              "./Phyquestions/Chapter-8/11 (3).png",
              "./Phyquestions/Chapter-8/11 (4).png"
            ],
            "answer": "./Phyquestions/Chapter-8/11 (2).png"
          },
          {
            "question": "./Phyquestions/Chapter-8/12.png",
            "options": [
              "./Phyquestions/Chapter-8/12 (1).png",
              "./Phyquestions/Chapter-8/12 (2).png",
              "./Phyquestions/Chapter-8/12 (3).png",
              "./Phyquestions/Chapter-8/12 (4).png"
            ],
            "answer": "./Phyquestions/Chapter-8/12 (3).png"
          },
          {
            "question": "./Phyquestions/Chapter-8/13.png",
            "options": [
              "./Phyquestions/Chapter-8/13 (1).png",
              "./Phyquestions/Chapter-8/13 (2).png",
              "./Phyquestions/Chapter-8/13 (3).png",
              "./Phyquestions/Chapter-8/13 (4).png"
            ],
            "answer": "./Phyquestions/Chapter-8/13 (4).png",
            "option_mode": "imagey"
          },
          {
            "question": "./Phyquestions/Chapter-8/14.png",
            "options": [
              "./Phyquestions/Chapter-8/14 (1).png",
              "./Phyquestions/Chapter-8/14 (2).png",
              "./Phyquestions/Chapter-8/14 (3).png",
              "./Phyquestions/Chapter-8/14 (4).png"
            ],
            "answer": "./Phyquestions/Chapter-8/14 (2).png"
          },
          {
            "question": "./Phyquestions/Chapter-8/15.png",
            "options": [
              "./Phyquestions/Chapter-8/15 (1).png",
              "./Phyquestions/Chapter-8/15 (2).png",
              "./Phyquestions/Chapter-8/15 (3).png",
              "./Phyquestions/Chapter-8/15 (4).png"
            ],
            "answer": "./Phyquestions/Chapter-8/15 (3).png"
          }
        ]
      },
      {
        "chapter": "chapter-9",
        "questions": [
          {
            "question": "./Phyquestions/Chapter-9/1.png",
            "options": [
              "./Phyquestions/Chapter-9/1 (1).png",
              "./Phyquestions/Chapter-9/1 (2).png",
              "./Phyquestions/Chapter-9/1 (3).png",
              "./Phyquestions/Chapter-9/1 (4).png"
            ],
            "answer": "./Phyquestions/Chapter-9/1 (2).png",
            "option_mode": "imagey"
          },
          {
            "question": "./Phyquestions/Chapter-9/2.png",
            "options": [
              "./Phyquestions/Chapter-9/2 (1).png",
              "./Phyquestions/Chapter-9/2 (2).png",
              "./Phyquestions/Chapter-9/2 (3).png",
              "./Phyquestions/Chapter-9/2 (4).png"
            ],
            "answer": "./Phyquestions/Chapter-9/2 (4).png",
            "option_mode": "imagey"
          },
          {
            "question": "./Phyquestions/Chapter-9/3.png",
            "options": [
              "./Phyquestions/Chapter-9/3 (1).png",
              "./Phyquestions/Chapter-9/3 (2).png",
              "./Phyquestions/Chapter-9/3 (3).png",
              "./Phyquestions/Chapter-9/3 (4).png"
            ],
            "answer": "./Phyquestions/Chapter-9/3 (3).png",
            "option_mode": "imagey"
          },
          {
            "question": "./Phyquestions/Chapter-9/4.png",
            "options": [
              "./Phyquestions/Chapter-9/4 (1).png",
              "./Phyquestions/Chapter-9/4 (2).png",
              "./Phyquestions/Chapter-9/4 (3).png",
              "./Phyquestions/Chapter-9/4 (4).png"
            ],
            "answer": "./Phyquestions/Chapter-9/4 (3).png"
          },
          {
            "question": "./Phyquestions/Chapter-9/5.png",
            "options": [
              "./Phyquestions/Chapter-9/5 (1).png",
              "./Phyquestions/Chapter-9/5 (2).png",
              "./Phyquestions/Chapter-9/5 (3).png",
              "./Phyquestions/Chapter-9/5 (4).png"
            ],
            "answer": "./Phyquestions/Chapter-9/5 (2).png"
          },
          {
            "question": "./Phyquestions/Chapter-9/6.png",
            "options": [
              "./Phyquestions/Chapter-9/6 (1).png",
              "./Phyquestions/Chapter-9/6 (2).png",
              "./Phyquestions/Chapter-9/6 (3).png",
              "./Phyquestions/Chapter-9/6 (4).png"
            ],
            "answer": "./Phyquestions/Chapter-9/6 (2).png"
          },
          {
            "question": "./Phyquestions/Chapter-9/7.png",
            "options": [
              "./Phyquestions/Chapter-9/7 (1).png",
              "./Phyquestions/Chapter-9/7 (2).png",
              "./Phyquestions/Chapter-9/7 (3).png",
              "./Phyquestions/Chapter-9/7 (4).png"
            ],
            "answer": "./Phyquestions/Chapter-9/7 (4).png"
          },
          {
            "question": "./Phyquestions/Chapter-9/8.png",
            "options": [
              "./Phyquestions/Chapter-9/8 (1).png",
              "./Phyquestions/Chapter-9/8 (2).png",
              "./Phyquestions/Chapter-9/8 (3).png",
              "./Phyquestions/Chapter-9/8 (4).png"
            ],
            "answer": "./Phyquestions/Chapter-9/8 (2).png",
            "option_mode": "imagey"
          },
          {
            "question": "./Phyquestions/Chapter-9/9.png",
            "options": [
              "./Phyquestions/Chapter-9/9 (1).png",
              "./Phyquestions/Chapter-9/9 (2).png",
              "./Phyquestions/Chapter-9/9 (3).png",
              "./Phyquestions/Chapter-9/9 (4).png"
            ],
            "answer": "./Phyquestions/Chapter-9/9 (3).png"
          },
          {
            "question": "./Phyquestions/Chapter-9/10.png",
            "options": [
              "./Phyquestions/Chapter-9/10 (1).png",
              "./Phyquestions/Chapter-9/10 (2).png",
              "./Phyquestions/Chapter-9/10 (3).png",
              "./Phyquestions/Chapter-9/10 (4).png"
            ],
            "answer": "./Phyquestions/Chapter-9/10 (1).png"
          },
          {
            "question": "./Phyquestions/Chapter-9/11.png",
            "options": [
              "./Phyquestions/Chapter-9/11 (1).png",
              "./Phyquestions/Chapter-9/11 (2).png",
              "./Phyquestions/Chapter-9/11 (3).png",
              "./Phyquestions/Chapter-9/11 (4).png"
            ],
            "answer": "./Phyquestions/Chapter-9/11 (2).png"
          },
          {
            "question": "./Phyquestions/Chapter-9/12.png",
            "options": [
              "./Phyquestions/Chapter-9/12 (1).png",
              "./Phyquestions/Chapter-9/12 (2).png",
              "./Phyquestions/Chapter-9/12 (3).png",
              "./Phyquestions/Chapter-9/12 (4).png"
            ],
            "answer": "./Phyquestions/Chapter-9/12 (3).png",
            "option_mode": "imagez"
          },
          {
            "question": "./Phyquestions/Chapter-9/13.png",
            "options": [
              "./Phyquestions/Chapter-9/13 (1).png",
              "./Phyquestions/Chapter-9/13 (2).png",
              "./Phyquestions/Chapter-9/13 (3).png",
              "./Phyquestions/Chapter-9/13 (4).png"
            ],
            "answer": "./Phyquestions/Chapter-9/13 (2).png",
            "option_mode": "imagey"
          },
          {
            "question": "./Phyquestions/Chapter-9/14.png",
            "options": [
              "./Phyquestions/Chapter-9/14 (1).png",
              "./Phyquestions/Chapter-9/14 (2).png",
              "./Phyquestions/Chapter-9/14 (3).png",
              "./Phyquestions/Chapter-9/14 (4).png"
            ],
            "answer": "./Phyquestions/Chapter-9/14 (3).png"
          },
          {
            "question": "./Phyquestions/Chapter-9/15.png",
            "options": [
              "./Phyquestions/Chapter-9/15 (1).png",
              "./Phyquestions/Chapter-9/15 (2).png",
              "./Phyquestions/Chapter-9/15 (3).png",
              "./Phyquestions/Chapter-9/15 (4).png"
            ],
            "answer": "./Phyquestions/Chapter-9/15 (2).png",
            "option_mode": "imagey"
          }
        ]
      },
      {
        "chapter": "chapter-10",
        "questions": [
          {
            "question": "./Phyquestions/Chapter-10/1.png",
            "options": [
              "./Phyquestions/Chapter-10/1 (1).png",
              "./Phyquestions/Chapter-10/1 (2).png",
              "./Phyquestions/Chapter-10/1 (3).png",
              "./Phyquestions/Chapter-10/1 (4).png"
            ],
            "answer": "./Phyquestions/Chapter-10/1 (1).png"
          },
          {
            "question": "./Phyquestions/Chapter-10/2.png",
            "options": [
              "./Phyquestions/Chapter-10/2 (1).png",
              "./Phyquestions/Chapter-10/2 (2).png",
              "./Phyquestions/Chapter-10/2 (3).png",
              "./Phyquestions/Chapter-10/2 (4).png"
            ],
            "answer": "./Phyquestions/Chapter-10/2 (3).png",
            "option_mode": "imagez"
          },
          {
            "question": "./Phyquestions/Chapter-10/3.png",
            "options": [
              "./Phyquestions/Chapter-10/3 (1).png",
              "./Phyquestions/Chapter-10/3 (2).png",
              "./Phyquestions/Chapter-10/3 (3).png",
              "./Phyquestions/Chapter-10/3 (4).png"
            ],
            "answer": "./Phyquestions/Chapter-10/3 (2).png",
            "option_mode": "imagez"
          },
  
          {
            "question": "./Phyquestions/Chapter-10/4.png",
            "options": [
              "./Phyquestions/Chapter-10/4 (1).png",
              "./Phyquestions/Chapter-10/4 (2).png",
              "./Phyquestions/Chapter-10/4 (3).png",
              "./Phyquestions/Chapter-10/4 (4).png"
            ],
            "answer": "./Phyquestions/Chapter-10/4 (3).png"
          },
  
          {
            "question": "./Phyquestions/Chapter-10/5.png",
            "options": [
              "./Phyquestions/Chapter-10/5 (1).png",
              "./Phyquestions/Chapter-10/5 (2).png",
              "./Phyquestions/Chapter-10/5 (3).png",
              "./Phyquestions/Chapter-10/5 (4).png"
            ],
            "answer": "./Phyquestions/Chapter-10/5 (4).png"
          },
          {
            "question": "./Phyquestions/Chapter-10/6.png",
            "options": [
              "./Phyquestions/Chapter-10/6 (1).png",
              "./Phyquestions/Chapter-10/6 (2).png",
              "./Phyquestions/Chapter-10/6 (3).png",
              "./Phyquestions/Chapter-10/6 (4).png"
            ],
            "answer": "./Phyquestions/Chapter-10/6 (3).png"
          },
          {
            "question": "./Phyquestions/Chapter-10/7.png",
            "options": [
              "./Phyquestions/Chapter-10/7 (1).png",
              "./Phyquestions/Chapter-10/7 (2).png",
              "./Phyquestions/Chapter-10/7 (3).png",
              "./Phyquestions/Chapter-10/7 (4).png"
            ],
            "answer": "./Phyquestions/Chapter-10/7 (1).png"
          },
          {
            "question": "./Phyquestions/Chapter-10/8.png",
            "options": [
              "./Phyquestions/Chapter-10/8 (1).png",
              "./Phyquestions/Chapter-10/8 (2).png",
              "./Phyquestions/Chapter-10/8 (3).png",
              "./Phyquestions/Chapter-10/8 (4).png"
            ],
            "answer": "./Phyquestions/Chapter-10/8 (4).png"
          },
          {
            "question": "./Phyquestions/Chapter-10/9.png",
            "options": [
              "./Phyquestions/Chapter-10/9 (1).png",
              "./Phyquestions/Chapter-10/9 (2).png",
              "./Phyquestions/Chapter-10/9 (3).png",
              "./Phyquestions/Chapter-10/9 (4).png"
            ],
            "answer": "./Phyquestions/Chapter-10/9 (4).png"
          },
          {
            "question": "./Phyquestions/Chapter-10/10.png",
            "options": [
              "./Phyquestions/Chapter-10/10 (1).png",
              "./Phyquestions/Chapter-10/10 (2).png",
              "./Phyquestions/Chapter-10/10 (3).png",
              "./Phyquestions/Chapter-10/10 (4).png"
            ],
            "answer": "./Phyquestions/Chapter-10/10 (1).png"
          },
          {
            "question": "./Phyquestions/Chapter-10/11.png",
            "options": [
              "./Phyquestions/Chapter-10/11 (1).png",
              "./Phyquestions/Chapter-10/11 (2).png",
              "./Phyquestions/Chapter-10/11 (3).png",
              "./Phyquestions/Chapter-10/11 (4).png"
            ],
            "answer": "./Phyquestions/Chapter-10/11 (1).png",
            "option_mode": "images"
          },
          {
            "question": "./Phyquestions/Chapter-10/12.png",
            "options": [
              "./Phyquestions/Chapter-10/12 (1).png",
              "./Phyquestions/Chapter-10/12 (2).png",
              "./Phyquestions/Chapter-10/12 (3).png",
              "./Phyquestions/Chapter-10/12 (4).png"
            ],
            "image": "./Phyquestions/Chapter-10/12-image.png",
            "answer": "./Phyquestions/Chapter-10/12 (3).png"
          },
          {
            "question": "./Phyquestions/Chapter-10/13.png",
            "options": [
              "./Phyquestions/Chapter-10/13 (1).png",
              "./Phyquestions/Chapter-10/13 (2).png",
              "./Phyquestions/Chapter-10/13 (3).png",
              "./Phyquestions/Chapter-10/13 (4).png"
            ],
            "image": "./Phyquestions/Chapter-10/13-image.png",
            "answer": "./Phyquestions/Chapter-10/13 (1).png"
          },
          {
            "question": "./Phyquestions/Chapter-10/14.png",
            "options": [
              "./Phyquestions/Chapter-10/14 (1).png",
              "./Phyquestions/Chapter-10/14 (2).png",
              "./Phyquestions/Chapter-10/14 (3).png",
              "./Phyquestions/Chapter-10/14 (4).png"
            ],
            "answer": "./Phyquestions/Chapter-10/14 (2).png"
          },
          {
            "question": "./Phyquestions/Chapter-10/15.png",
            "options": [
              "./Phyquestions/Chapter-10/15 (1).png",
              "./Phyquestions/Chapter-10/15 (2).png",
              "./Phyquestions/Chapter-10/15 (3).png",
              "./Phyquestions/Chapter-10/15 (4).png"
            ],
            "answer": "./Phyquestions/Chapter-10/15 (3).png"
          }
        ]
      },
      {
        "chapter": "chapter-11",
        "questions": [
          {
            "question": "./Phyquestions/Chapter-11/1.png",
            "options": [
              "./Phyquestions/Chapter-11/1 (1).png",
              "./Phyquestions/Chapter-11/1 (2).png",
              "./Phyquestions/Chapter-11/1 (3).png",
              "./Phyquestions/Chapter-11/1 (4).png"
            ],
            "answer": "./Phyquestions/Chapter-11/1 (2).png"
          },
          {
            "question": "./Phyquestions/Chapter-11/2.png",
            "options": [
              "./Phyquestions/Chapter-11/2 (1).png",
              "./Phyquestions/Chapter-11/2 (2).png",
              "./Phyquestions/Chapter-11/2 (3).png",
              "./Phyquestions/Chapter-11/2 (4).png"
            ],
            "answer": "./Phyquestions/Chapter-11/2 (1).png"
          },
          {
            "question": "./Phyquestions/Chapter-11/3.png",
            "options": [
              "./Phyquestions/Chapter-11/3 (1).png",
              "./Phyquestions/Chapter-11/3 (2).png",
              "./Phyquestions/Chapter-11/3 (3).png",
              "./Phyquestions/Chapter-11/3 (4).png"
            ],
            "answer": "./Phyquestions/Chapter-11/3 (3).png"
          },
          {
            "question": "./Phyquestions/Chapter-11/4.png",
            "options": [
              "./Phyquestions/Chapter-11/4 (1).png",
              "./Phyquestions/Chapter-11/4 (2).png",
              "./Phyquestions/Chapter-11/4 (3).png",
              "./Phyquestions/Chapter-11/4 (4).png"
            ],
            "answer": "./Phyquestions/Chapter-11/4 (2).png"
          },
          {
            "question": "./Phyquestions/Chapter-11/5.png",
            "options": [
              "./Phyquestions/Chapter-11/5 (1).png",
              "./Phyquestions/Chapter-11/5 (2).png",
              "./Phyquestions/Chapter-11/5 (3).png",
              "./Phyquestions/Chapter-11/5 (4).png"
            ],
            "answer": "./Phyquestions/Chapter-11/5 (3).png"
          },
          {
            "question": "./Phyquestions/Chapter-11/6.png",
            "options": [
              "./Phyquestions/Chapter-11/6 (1).png",
              "./Phyquestions/Chapter-11/6 (2).png",
              "./Phyquestions/Chapter-11/6 (3).png",
              "./Phyquestions/Chapter-11/6 (4).png"
            ],
            "answer": "./Phyquestions/Chapter-11/6 (4).png"
          },
          {
            "question": "./Phyquestions/Chapter-11/7.png",
            "options": [
              "./Phyquestions/Chapter-11/7 (1).png",
              "./Phyquestions/Chapter-11/7 (2).png",
              "./Phyquestions/Chapter-11/7 (3).png",
              "./Phyquestions/Chapter-11/7 (4).png"
            ],
            "answer": "./Phyquestions/Chapter-11/7 (1).png"
          },
          {
            "question": "./Phyquestions/Chapter-11/8.png",
            "options": [
              "./Phyquestions/Chapter-11/8 (1).png",
              "./Phyquestions/Chapter-11/8 (2).png",
              "./Phyquestions/Chapter-11/8 (3).png",
              "./Phyquestions/Chapter-11/8 (4).png"
            ],
            "answer": "./Phyquestions/Chapter-11/8 (3).png"
          },
          {
            "question": "./Phyquestions/Chapter-11/9.png",
            "options": [
              "./Phyquestions/Chapter-11/9 (1).png",
              "./Phyquestions/Chapter-11/9 (2).png",
              "./Phyquestions/Chapter-11/9 (3).png",
              "./Phyquestions/Chapter-11/9 (4).png"
            ],
            "answer": "./Phyquestions/Chapter-11/9 (1).png"
          },
          {
            "question": "./Phyquestions/Chapter-11/10.png",
            "options": [
              "./Phyquestions/Chapter-11/10 (1).png",
              "./Phyquestions/Chapter-11/10 (2).png",
              "./Phyquestions/Chapter-11/10 (3).png",
              "./Phyquestions/Chapter-11/10 (4).png"
            ],
            "answer": "./Phyquestions/Chapter-11/10 (3).png"
          }
        ]
      }
    ]
  }
  