{
    "chapters": [
      {
        "chapter": "chapter-1",
        "questions": [
          {
            "question": "src/pages/Physics/Phyquestions/Chapter-1/1.png",
            "options": [
              "src/pages/Physics/Phyquestions/Chapter-1/1 (1).png",
              "src/pages/Physics/Phyquestions/Chapter-1/1 (2).png",
              "src/pages/Physics/Phyquestions/Chapter-1/1 (3).png",
              "src/pages/Physics/Phyquestions/Chapter-1/1 (4).png"
            ],
            "image": "src/pages/Physics/Phyquestions/Chapter-1/1-image.png",
            "answer": "src/pages/Physics/Phyquestions/Chapter-1/1 (2).png",
            "layout": "grid"
          },
          {
            "question": "src/pages/Physics/Phyquestions/Chapter-1/2.png",
            "options": [
              "src/pages/Physics/Phyquestions/Chapter-1/2 (1).png",
              "src/pages/Physics/Phyquestions/Chapter-1/2 (2).png",
              "src/pages/Physics/Phyquestions/Chapter-1/2 (3).png",
              "src/pages/Physics/Phyquestions/Chapter-1/2 (4).png"
            ],
            "answer": "src/pages/Physics/Phyquestions/Chapter-1/2 (3).png",
            "layout": "grid"
          },
          {
            "question": "src/pages/Physics/Phyquestions/Chapter-1/3.png",
            "options": [
              "src/pages/Physics/Phyquestions/Chapter-1/3 (1).png",
              "src/pages/Physics/Phyquestions/Chapter-1/3 (2).png",
              "src/pages/Physics/Phyquestions/Chapter-1/3 (3).png",
              "src/pages/Physics/Phyquestions/Chapter-1/3 (4).png"
            ],
            "image": "src/pages/Physics/Phyquestions/Chapter-1/3-image.png",
            "answer": "src/pages/Physics/Phyquestions/Chapter-1/3 (4).png",
            "layout": "grid",
            "option_mode": "imagey"
          },
          {
            "question": "src/pages/Physics/Phyquestions/Chapter-1/4.png",
            "options": [
              "src/pages/Physics/Phyquestions/Chapter-1/4 (1).png",
              "src/pages/Physics/Phyquestions/Chapter-1/4 (2).png",
              "src/pages/Physics/Phyquestions/Chapter-1/4 (3).png",
              "src/pages/Physics/Phyquestions/Chapter-1/4 (4).png"
            ],
            "answer": "src/pages/Physics/Phyquestions/Chapter-1/4 (2).png",
            "layout": "grid"
          },
          {
            "question": "src/pages/Physics/Phyquestions/Chapter-1/5.png",
            "options": [
              "src/pages/Physics/Phyquestions/Chapter-1/5 (1).png",
              "src/pages/Physics/Phyquestions/Chapter-1/5 (2).png",
              "src/pages/Physics/Phyquestions/Chapter-1/5 (3).png",
              "src/pages/Physics/Phyquestions/Chapter-1/5 (4).png"
            ],
            "image": "src/pages/Physics/Phyquestions/Chapter-1/5-image.png",
            "answer": "src/pages/Physics/Phyquestions/Chapter-1/5 (1).png",
            "layout": "grid"
          },
  
          {
            "question": "src/pages/Physics/Phyquestions/Chapter-1/6.png",
            "options": [
              "src/pages/Physics/Phyquestions/Chapter-1/6 (1).png",
              "src/pages/Physics/Phyquestions/Chapter-1/6 (2).png",
              "src/pages/Physics/Phyquestions/Chapter-1/6 (3).png",
              "src/pages/Physics/Phyquestions/Chapter-1/6 (4).png"
            ],
            "image": "src/pages/Physics/Phyquestions/Chapter-1/6-image.png",
            "answer": "src/pages/Physics/Phyquestions/Chapter-1/6 (2).png",
            "layout": "grid",
            "option_mode": "imagey"
          },
  
          {
            "question": "src/pages/Physics/Phyquestions/Chapter-1/7.png",
            "options": [
              "src/pages/Physics/Phyquestions/Chapter-1/7 (1).png",
              "src/pages/Physics/Phyquestions/Chapter-1/7 (2).png",
              "src/pages/Physics/Phyquestions/Chapter-1/7 (3).png",
              "src/pages/Physics/Phyquestions/Chapter-1/7 (4).png"
            ],
            "answer": "src/pages/Physics/Phyquestions/Chapter-1/7 (3).png",
            "layout": "grid"
          },
          {
            "question": "src/pages/Physics/Phyquestions/Chapter-1/8.png",
            "options": [
              "src/pages/Physics/Phyquestions/Chapter-1/8 (1).png",
              "src/pages/Physics/Phyquestions/Chapter-1/8 (2).png",
              "src/pages/Physics/Phyquestions/Chapter-1/8 (3).png",
              "src/pages/Physics/Phyquestions/Chapter-1/8 (4).png"
            ],
            "image": "src/pages/Physics/Phyquestions/Chapter-1/8-image.png",
            "answer": "src/pages/Physics/Phyquestions/Chapter-1/8 (1).png",
            "layout": "grid"
          },
          {
            "question": "src/pages/Physics/Phyquestions/Chapter-1/9.png",
            "options": [
              "src/pages/Physics/Phyquestions/Chapter-1/9 (1).png",
              "src/pages/Physics/Phyquestions/Chapter-1/9 (2).png",
              "src/pages/Physics/Phyquestions/Chapter-1/9 (3).png",
              "src/pages/Physics/Phyquestions/Chapter-1/9 (4).png"
            ],
            "answer": "src/pages/Physics/Phyquestions/Chapter-1/9 (3).png",
            "layout": "grid",
            "option_mode": "imagey"
          },
          {
            "question": "src/pages/Physics/Phyquestions/Chapter-1/10.png",
            "options": [
              "src/pages/Physics/Phyquestions/Chapter-1/10 (1).png",
              "src/pages/Physics/Phyquestions/Chapter-1/10 (2).png",
              "src/pages/Physics/Phyquestions/Chapter-1/10 (3).png",
              "src/pages/Physics/Phyquestions/Chapter-1/10 (4).png"
            ],
            "answer": "src/pages/Physics/Phyquestions/Chapter-1/10 (2).png",
            "layout": "grid",
            "option_mode": "image"
          },
          {
            "question": "src/pages/Physics/Phyquestions/Chapter-1/11.png",
            "options": [
              "src/pages/Physics/Phyquestions/Chapter-1/11 (1).png",
              "src/pages/Physics/Phyquestions/Chapter-1/11 (2).png",
              "src/pages/Physics/Phyquestions/Chapter-1/11 (3).png",
              "src/pages/Physics/Phyquestions/Chapter-1/11 (4).png"
            ],
            "answer": "src/pages/Physics/Phyquestions/Chapter-1/11 (1).png",
            "layout": "grid"
          },
          {
            "question": "src/pages/Physics/Phyquestions/Chapter-1/12.png",
            "options": [
              "src/pages/Physics/Phyquestions/Chapter-1/12 (1).png",
              "src/pages/Physics/Phyquestions/Chapter-1/12 (2).png",
              "src/pages/Physics/Phyquestions/Chapter-1/12 (3).png",
              "src/pages/Physics/Phyquestions/Chapter-1/12 (4).png"
            ],
            "answer": "src/pages/Physics/Phyquestions/Chapter-1/12 (3).png",
            "layout": "grid"
          },
          {
            "question": "src/pages/Physics/Phyquestions/Chapter-1/13.png",
            "options": [
              "src/pages/Physics/Phyquestions/Chapter-1/13 (1).png",
              "src/pages/Physics/Phyquestions/Chapter-1/13 (2).png",
              "src/pages/Physics/Phyquestions/Chapter-1/13 (3).png",
              "src/pages/Physics/Phyquestions/Chapter-1/13 (4).png"
            ],
            "answer": "src/pages/Physics/Phyquestions/Chapter-1/13 (4).png",
            "layout": "grid"
          },
          {
            "question": "src/pages/Physics/Phyquestions/Chapter-1/14.png",
            "options": [
              "src/pages/Physics/Phyquestions/Chapter-1/14 (1).png",
              "src/pages/Physics/Phyquestions/Chapter-1/14 (2).png",
              "src/pages/Physics/Phyquestions/Chapter-1/14 (3).png",
              "src/pages/Physics/Phyquestions/Chapter-1/14 (4).png"
            ],
            "image": "src/pages/Physics/Phyquestions/Chapter-1/14-image.png",
            "answer": "src/pages/Physics/Phyquestions/Chapter-1/14 (2).png",
            "layout": "grid",
            "option_mode": "imagey"
          },
          {
            "question": "src/pages/Physics/Phyquestions/Chapter-1/15.png",
            "options": [
              "src/pages/Physics/Phyquestions/Chapter-1/15 (1).png",
              "src/pages/Physics/Phyquestions/Chapter-1/15 (2).png",
              "src/pages/Physics/Phyquestions/Chapter-1/15 (3).png",
              "src/pages/Physics/Phyquestions/Chapter-1/15 (4).png"
            ],
            "answer": "src/pages/Physics/Phyquestions/Chapter-1/15 (1).png",
            "layout": "grid"
          }
        ]
      },
      {
        "chapter": "chapter-2",
        "questions": [
          {
            "question": "src/pages/Physics/Phyquestions/Chapter-2/1.png",
            "options": [
              "src/pages/Physics/Phyquestions/Chapter-2/1 (1).png",
              "src/pages/Physics/Phyquestions/Chapter-2/1 (2).png",
              "src/pages/Physics/Phyquestions/Chapter-2/1 (3).png",
              "src/pages/Physics/Phyquestions/Chapter-2/1 (4).png"
            ],
            "image": "src/pages/Physics/Phyquestions/Chapter-2/1-image.png",
            "answer": "src/pages/Physics/Phyquestions/Chapter-2/1 (1).png",
            "layout": "grid",
            "option_mode": "imagey"
          },
          {
            "question": "src/pages/Physics/Phyquestions/Chapter-2/2.png",
            "options": [
              "src/pages/Physics/Phyquestions/Chapter-2/2 (1).png",
              "src/pages/Physics/Phyquestions/Chapter-2/2 (2).png",
              "src/pages/Physics/Phyquestions/Chapter-2/2 (3).png",
              "src/pages/Physics/Phyquestions/Chapter-2/2 (4).png"
            ],
            "image": "src/pages/Physics/Phyquestions/Chapter-2/2-image.png",
            "answer": "src/pages/Physics/Phyquestions/Chapter-2/2 (1).png",
            "layout": "grid",
            "option_mode": "imagey"
          },
          {
            "question": "src/pages/Physics/Phyquestions/Chapter-2/3.png",
            "options": [
              "src/pages/Physics/Phyquestions/Chapter-2/3 (1).png",
              "src/pages/Physics/Phyquestions/Chapter-2/3 (2).png",
              "src/pages/Physics/Phyquestions/Chapter-2/3 (3).png",
              "src/pages/Physics/Phyquestions/Chapter-2/3 (4).png"
            ],
            "answer": "src/pages/Physics/Phyquestions/Chapter-2/3 (3).png",
            "layout": "grid"
          },
          {
            "question": "src/pages/Physics/Phyquestions/Chapter-2/4.png",
            "options": [
              "src/pages/Physics/Phyquestions/Chapter-2/4 (1).png",
              "src/pages/Physics/Phyquestions/Chapter-2/4 (2).png",
              "src/pages/Physics/Phyquestions/Chapter-2/4 (3).png",
              "src/pages/Physics/Phyquestions/Chapter-2/4 (4).png"
            ],
            "answer": "src/pages/Physics/Phyquestions/Chapter-2/4 (2).png",
            "layout": "grid"
          },
          {
            "question": "src/pages/Physics/Phyquestions/Chapter-2/5.png",
            "options": [
              "src/pages/Physics/Phyquestions/Chapter-2/5 (1).png",
              "src/pages/Physics/Phyquestions/Chapter-2/5 (2).png",
              "src/pages/Physics/Phyquestions/Chapter-2/5 (3).png",
              "src/pages/Physics/Phyquestions/Chapter-2/5 (4).png"
            ],
            "image": "src/pages/Physics/Phyquestions/Chapter-2/5-image.png",
            "answer": "src/pages/Physics/Phyquestions/Chapter-2/5 (1).png",
            "layout": "grid"
          },
          {
            "question": "src/pages/Physics/Phyquestions/Chapter-2/6.png",
            "options": [
              "src/pages/Physics/Phyquestions/Chapter-2/6 (1).png",
              "src/pages/Physics/Phyquestions/Chapter-2/6 (2).png",
              "src/pages/Physics/Phyquestions/Chapter-2/6 (3).png",
              "src/pages/Physics/Phyquestions/Chapter-2/6 (4).png"
            ],
            "answer": "src/pages/Physics/Phyquestions/Chapter-2/6 (3).png",
            "layout": "grid",
            "option_mode": "imagey"
          },
          {
            "question": "src/pages/Physics/Phyquestions/Chapter-2/7.png",
            "options": [
              "src/pages/Physics/Phyquestions/Chapter-2/7 (1).png",
              "src/pages/Physics/Phyquestions/Chapter-2/7 (2).png",
              "src/pages/Physics/Phyquestions/Chapter-2/7 (3).png",
              "src/pages/Physics/Phyquestions/Chapter-2/7 (4).png"
            ],
            "answer": "src/pages/Physics/Phyquestions/Chapter-2/7 (4).png",
            "layout": "grid"
          },
          {
            "question": "src/pages/Physics/Phyquestions/Chapter-2/8.png",
            "options": [
              "src/pages/Physics/Phyquestions/Chapter-2/8 (1).png",
              "src/pages/Physics/Phyquestions/Chapter-2/8 (2).png",
              "src/pages/Physics/Phyquestions/Chapter-2/8 (3).png",
              "src/pages/Physics/Phyquestions/Chapter-2/8 (4).png"
            ],
            "answer": "src/pages/Physics/Phyquestions/Chapter-2/8 (3).png",
            "layout": "grid",
            "option_mode": "imagey"
          },
          {
            "question": "src/pages/Physics/Phyquestions/Chapter-2/9.png",
            "options": [
              "src/pages/Physics/Phyquestions/Chapter-2/9 (1).png",
              "src/pages/Physics/Phyquestions/Chapter-2/9 (2).png",
              "src/pages/Physics/Phyquestions/Chapter-2/9 (3).png",
              "src/pages/Physics/Phyquestions/Chapter-2/9 (4).png"
            ],
            "answer": "src/pages/Physics/Phyquestions/Chapter-2/9 (4).png",
            "layout": "grid"
          },
          {
            "question": "src/pages/Physics/Phyquestions/Chapter-2/10.png",
            "options": [
              "src/pages/Physics/Phyquestions/Chapter-2/10 (1).png",
              "src/pages/Physics/Phyquestions/Chapter-2/10 (2).png",
              "src/pages/Physics/Phyquestions/Chapter-2/10 (3).png",
              "src/pages/Physics/Phyquestions/Chapter-2/10 (4).png"
            ],
            "image": "src/pages/Physics/Phyquestions/Chapter-2/10-image.png",
            "answer": "src/pages/Physics/Phyquestions/Chapter-2/10 (3).png",
            "layout": "grid"
          },
          {
            "question": "src/pages/Physics/Phyquestions/Chapter-2/11.png",
            "options": [
              "src/pages/Physics/Phyquestions/Chapter-2/11 (1).png",
              "src/pages/Physics/Phyquestions/Chapter-2/11 (2).png",
              "src/pages/Physics/Phyquestions/Chapter-2/11 (3).png",
              "src/pages/Physics/Phyquestions/Chapter-2/11 (4).png"
            ],
            "image": "src/pages/Physics/Phyquestions/Chapter-2/11-image.png",
            "answer": "src/pages/Physics/Phyquestions/Chapter-2/11 (1).png",
            "layout": "grid"
          },
          {
            "question": "src/pages/Physics/Phyquestions/Chapter-2/12.png",
            "options": [
              "src/pages/Physics/Phyquestions/Chapter-2/12 (1).png",
              "src/pages/Physics/Phyquestions/Chapter-2/12 (2).png",
              "src/pages/Physics/Phyquestions/Chapter-2/12 (3).png",
              "src/pages/Physics/Phyquestions/Chapter-2/12 (4).png"
            ],
            "answer": "src/pages/Physics/Phyquestions/Chapter-2/12 (4).png",
            "layout": "grid"
          },
          {
            "question": "src/pages/Physics/Phyquestions/Chapter-2/13.png",
            "options": [
              "src/pages/Physics/Phyquestions/Chapter-2/13 (1).png",
              "src/pages/Physics/Phyquestions/Chapter-2/13 (2).png",
              "src/pages/Physics/Phyquestions/Chapter-2/13 (3).png",
              "src/pages/Physics/Phyquestions/Chapter-2/13 (4).png"
            ],
            "answer": "src/pages/Physics/Phyquestions/Chapter-2/13 (2).png",
            "layout": "grid"
          },
          {
            "question": "src/pages/Physics/Phyquestions/Chapter-2/14.png",
            "options": [
              "src/pages/Physics/Phyquestions/Chapter-2/14 (1).png",
              "src/pages/Physics/Phyquestions/Chapter-2/14 (2).png",
              "src/pages/Physics/Phyquestions/Chapter-2/14 (3).png",
              "src/pages/Physics/Phyquestions/Chapter-2/14 (4).png"
            ],
            "answer": "src/pages/Physics/Phyquestions/Chapter-2/14 (4).png",
            "layout": "grid"
          },
          {
            "question": "src/pages/Physics/Phyquestions/Chapter-2/15.png",
            "options": [
              "src/pages/Physics/Phyquestions/Chapter-2/15 (1).png",
              "src/pages/Physics/Phyquestions/Chapter-2/15 (2).png",
              "src/pages/Physics/Phyquestions/Chapter-2/15 (3).png",
              "src/pages/Physics/Phyquestions/Chapter-2/15 (4).png"
            ],
            "answer": "src/pages/Physics/Phyquestions/Chapter-2/15 (1).png",
            "layout": "grid"
          }
        ]
      },
  
      {
        "chapter": "chapter-3",
        "questions": [
          {
            "question": "src/pages/Physics/Phyquestions/Chapter-3/1.png",
            "options": [
              "src/pages/Physics/Phyquestions/Chapter-3/1 (1).png",
              "src/pages/Physics/Phyquestions/Chapter-3/1 (2).png",
              "src/pages/Physics/Phyquestions/Chapter-3/1 (3).png",
              "src/pages/Physics/Phyquestions/Chapter-3/1 (4).png"
            ],
            "image": "src/pages/Physics/Phyquestions/Chapter-3/1-image.png",
            "answer": "src/pages/Physics/Phyquestions/Chapter-3/1 (1).png",
            "option_mode": "imagey"
          },
          {
            "question": "src/pages/Physics/Phyquestions/Chapter-3/2.png",
            "options": [
              "src/pages/Physics/Phyquestions/Chapter-3/2 (1).png",
              "src/pages/Physics/Phyquestions/Chapter-3/2 (2).png",
              "src/pages/Physics/Phyquestions/Chapter-3/2 (3).png",
              "src/pages/Physics/Phyquestions/Chapter-3/2 (4).png"
            ],
            "image": "src/pages/Physics/Phyquestions/Chapter-3/2-image.jpg",
            "answer": "src/pages/Physics/Phyquestions/Chapter-3/2 (4).png",
            "option_mode": "imagey"
          },
          {
            "question": "src/pages/Physics/Phyquestions/Chapter-3/3.png",
            "options": [
              "src/pages/Physics/Phyquestions/Chapter-3/3 (1).png",
              "src/pages/Physics/Phyquestions/Chapter-3/3 (2).png",
              "src/pages/Physics/Phyquestions/Chapter-3/3 (3).png",
              "src/pages/Physics/Phyquestions/Chapter-3/3 (4).png"
            ],
            "answer": "src/pages/Physics/Phyquestions/Chapter-3/3 (3).png",
            "option_mode": "imagey"
          },
          {
            "question": "src/pages/Physics/Phyquestions/Chapter-3/4.png",
            "options": [
              "src/pages/Physics/Phyquestions/Chapter-3/4 (1).png",
              "src/pages/Physics/Phyquestions/Chapter-3/4 (2).png",
              "src/pages/Physics/Phyquestions/Chapter-3/4 (3).png",
              "src/pages/Physics/Phyquestions/Chapter-3/4 (4).png"
            ],
            "answer": "src/pages/Physics/Phyquestions/Chapter-3/4 (2).png"
          },
          {
            "question": "src/pages/Physics/Phyquestions/Chapter-3/5.png",
            "options": [
              "src/pages/Physics/Phyquestions/Chapter-3/5 (1).png",
              "src/pages/Physics/Phyquestions/Chapter-3/5 (2).png",
              "src/pages/Physics/Phyquestions/Chapter-3/5 (3).png",
              "src/pages/Physics/Phyquestions/Chapter-3/5 (4).png"
            ],
            "answer": "src/pages/Physics/Phyquestions/Chapter-3/5 (2).png"
          },
          {
            "question": "src/pages/Physics/Phyquestions/Chapter-3/6.png",
            "options": [
              "src/pages/Physics/Phyquestions/Chapter-3/6 (1).png",
              "src/pages/Physics/Phyquestions/Chapter-3/6 (2).png",
              "src/pages/Physics/Phyquestions/Chapter-3/6 (3).png",
              "src/pages/Physics/Phyquestions/Chapter-3/6 (4).png"
            ],
            "answer": "src/pages/Physics/Phyquestions/Chapter-3/6 (1).png"
          },
          {
            "question": "src/pages/Physics/Phyquestions/Chapter-3/7.png",
            "options": [
              "src/pages/Physics/Phyquestions/Chapter-3/7 (1).png",
              "src/pages/Physics/Phyquestions/Chapter-3/7 (2).png",
              "src/pages/Physics/Phyquestions/Chapter-3/7 (3).png",
              "src/pages/Physics/Phyquestions/Chapter-3/7 (4).png"
            ],
            "image": "src/pages/Physics/Phyquestions/Chapter-3/7-image.jpg",
            "answer": "src/pages/Physics/Phyquestions/Chapter-3/7 (2).png",
            "option_mode": "imagey"
          },
          {
            "question": "src/pages/Physics/Phyquestions/Chapter-3/8.png",
            "options": [
              "src/pages/Physics/Phyquestions/Chapter-3/8 (1).png",
              "src/pages/Physics/Phyquestions/Chapter-3/8 (2).png",
              "src/pages/Physics/Phyquestions/Chapter-3/8 (3).png",
              "src/pages/Physics/Phyquestions/Chapter-3/8 (4).png"
            ],
            "answer": "src/pages/Physics/Phyquestions/Chapter-3/8 (1).png",
            "option_mode": "imagey"
          },
          {
            "question": "src/pages/Physics/Phyquestions/Chapter-3/9.png",
            "options": [
              "src/pages/Physics/Phyquestions/Chapter-3/9 (1).png",
              "src/pages/Physics/Phyquestions/Chapter-3/9 (2).png",
              "src/pages/Physics/Phyquestions/Chapter-3/9 (3).png",
              "src/pages/Physics/Phyquestions/Chapter-3/9 (4).png"
            ],
            "image": "src/pages/Physics/Phyquestions/Chapter-3/9-image.jpg",
            "answer": "src/pages/Physics/Phyquestions/Chapter-3/9 (2).png",
            "option_mode": "imagey"
          },
          {
            "question": "src/pages/Physics/Phyquestions/Chapter-3/10.png",
            "options": [
              "src/pages/Physics/Phyquestions/Chapter-3/10 (1).png",
              "src/pages/Physics/Phyquestions/Chapter-3/10 (2).png",
              "src/pages/Physics/Phyquestions/Chapter-3/10 (3).png",
              "src/pages/Physics/Phyquestions/Chapter-3/10 (4).png"
            ],
            "answer": "src/pages/Physics/Phyquestions/Chapter-3/10 (3).png",
            "option_mode": "imagey"
          },
          {
            "question": "src/pages/Physics/Phyquestions/Chapter-3/11.png",
            "options": [
              "src/pages/Physics/Phyquestions/Chapter-3/11 (1).png",
              "src/pages/Physics/Phyquestions/Chapter-3/11 (2).png",
              "src/pages/Physics/Phyquestions/Chapter-3/11 (3).png",
              "src/pages/Physics/Phyquestions/Chapter-3/11 (4).png"
            ],
            "image": "src/pages/Physics/Phyquestions/Chapter-3/11-image.png",
            "answer": "src/pages/Physics/Phyquestions/Chapter-3/11 (3).png"
          },
          {
            "question": "src/pages/Physics/Phyquestions/Chapter-3/12.png",
            "options": [
              "src/pages/Physics/Phyquestions/Chapter-3/12 (1).png",
              "src/pages/Physics/Phyquestions/Chapter-3/12 (2).png",
              "src/pages/Physics/Phyquestions/Chapter-3/12 (3).png",
              "src/pages/Physics/Phyquestions/Chapter-3/12 (4).png"
            ],
            "answer": "src/pages/Physics/Phyquestions/Chapter-3/12 (3).png"
          },
          {
            "question": "src/pages/Physics/Phyquestions/Chapter-3/13.png",
            "options": [
              "src/pages/Physics/Phyquestions/Chapter-3/13 (1).png",
              "src/pages/Physics/Phyquestions/Chapter-3/13 (2).png",
              "src/pages/Physics/Phyquestions/Chapter-3/13 (3).png",
              "src/pages/Physics/Phyquestions/Chapter-3/13 (4).png"
            ],
            "answer": "src/pages/Physics/Phyquestions/Chapter-3/13 (2).png"
          },
          {
            "question": "src/pages/Physics/Phyquestions/Chapter-3/14.png",
            "options": [
              "src/pages/Physics/Phyquestions/Chapter-3/14 (1).png",
              "src/pages/Physics/Phyquestions/Chapter-3/14 (2).png",
              "src/pages/Physics/Phyquestions/Chapter-3/14 (3).png",
              "src/pages/Physics/Phyquestions/Chapter-3/14 (4).png"
            ],
            "answer": "src/pages/Physics/Phyquestions/Chapter-3/14 (4).png",
            "option_mode": "imagey"
          },
          {
            "question": "src/pages/Physics/Phyquestions/Chapter-3/15.png",
            "options": [
              "src/pages/Physics/Phyquestions/Chapter-3/15 (1).png",
              "src/pages/Physics/Phyquestions/Chapter-3/15 (2).png",
              "src/pages/Physics/Phyquestions/Chapter-3/15 (3).png",
              "src/pages/Physics/Phyquestions/Chapter-3/15 (4).png"
            ],
            "answer": "src/pages/Physics/Phyquestions/Chapter-3/15 (3).png"
          }
        ]
      },
  
      {
        "chapter": "chapter-4",
        "questions": [
          {
            "question": "src/pages/Physics/Phyquestions/Chapter-4/1.png",
            "options": [
              "src/pages/Physics/Phyquestions/Chapter-4/1 (1).png",
              "src/pages/Physics/Phyquestions/Chapter-4/1 (2).png",
              "src/pages/Physics/Phyquestions/Chapter-4/1 (3).png",
              "src/pages/Physics/Phyquestions/Chapter-4/1 (4).png"
            ],
            "image": "src/pages/Physics/Phyquestions/Chapter-4/1-image.jpg",
            "answer": "src/pages/Physics/Phyquestions/Chapter-4/1 (1).png",
            "option_mode": "imagez"
          },
          {
            "question": "src/pages/Physics/Phyquestions/Chapter-4/2.png",
            "options": [
              "src/pages/Physics/Phyquestions/Chapter-4/2 (1).png",
              "src/pages/Physics/Phyquestions/Chapter-4/2 (2).png",
              "src/pages/Physics/Phyquestions/Chapter-4/2 (3).png",
              "src/pages/Physics/Phyquestions/Chapter-4/2 (4).png"
            ],
            "image": "src/pages/Physics/Phyquestions/Chapter-4/2-image.png",
            "answer": "src/pages/Physics/Phyquestions/Chapter-4/2 (4).png",
            "option_mode": "imagez"
          },
          {
            "question": "src/pages/Physics/Phyquestions/Chapter-4/3.png",
            "options": [
              "src/pages/Physics/Phyquestions/Chapter-4/3 (1).png",
              "src/pages/Physics/Phyquestions/Chapter-4/3 (2).png",
              "src/pages/Physics/Phyquestions/Chapter-4/3 (3).png",
              "src/pages/Physics/Phyquestions/Chapter-4/3 (4).png"
            ],
            "answer": "src/pages/Physics/Phyquestions/Chapter-4/3 (2).png"
          },
          {
            "question": "src/pages/Physics/Phyquestions/Chapter-4/4.png",
            "options": [
              "src/pages/Physics/Phyquestions/Chapter-4/4 (1).png",
              "src/pages/Physics/Phyquestions/Chapter-4/4 (2).png",
              "src/pages/Physics/Phyquestions/Chapter-4/4 (3).png",
              "src/pages/Physics/Phyquestions/Chapter-4/4 (4).png"
            ],
            "answer": "src/pages/Physics/Phyquestions/Chapter-4/4 (4).png"
          },
  
          {
            "question": "src/pages/Physics/Phyquestions/Chapter-4/5.png",
            "options": [
              "src/pages/Physics/Phyquestions/Chapter-4/5 (1).png",
              "src/pages/Physics/Phyquestions/Chapter-4/5 (2).png",
              "src/pages/Physics/Phyquestions/Chapter-4/5 (3).png",
              "src/pages/Physics/Phyquestions/Chapter-4/5 (4).png"
            ],
            "image": "src/pages/Physics/Phyquestions/Chapter-4/5-image.png",
            "answer": "src/pages/Physics/Phyquestions/Chapter-4/5 (1).png",
            "option_mode": "image"
          },
  
          {
            "question": "src/pages/Physics/Phyquestions/Chapter-4/6.png",
            "options": [
              "src/pages/Physics/Phyquestions/Chapter-4/6 (1).png",
              "src/pages/Physics/Phyquestions/Chapter-4/6 (2).png",
              "src/pages/Physics/Phyquestions/Chapter-4/6 (3).png",
              "src/pages/Physics/Phyquestions/Chapter-4/6 (4).png"
            ],
            "answer": "src/pages/Physics/Phyquestions/Chapter-4/6 (1).png"
          },
          {
            "question": "src/pages/Physics/Phyquestions/Chapter-4/7.png",
            "options": [
              "src/pages/Physics/Phyquestions/Chapter-4/7 (1).png",
              "src/pages/Physics/Phyquestions/Chapter-4/7 (2).png",
              "src/pages/Physics/Phyquestions/Chapter-4/7 (3).png",
              "src/pages/Physics/Phyquestions/Chapter-4/7 (4).png"
            ],
            "answer": "src/pages/Physics/Phyquestions/Chapter-4/7 (1).png"
          },
          {
            "question": "src/pages/Physics/Phyquestions/Chapter-4/8.png",
            "options": [
              "src/pages/Physics/Phyquestions/Chapter-4/8 (1).png",
              "src/pages/Physics/Phyquestions/Chapter-4/8 (2).png",
              "src/pages/Physics/Phyquestions/Chapter-4/8 (3).png",
              "src/pages/Physics/Phyquestions/Chapter-4/8 (4).png"
            ],
            "answer": "src/pages/Physics/Phyquestions/Chapter-4/8 (2).png"
          },
          {
            "question": "src/pages/Physics/Phyquestions/Chapter-4/9.png",
            "options": [
              "src/pages/Physics/Phyquestions/Chapter-4/9 (1).png",
              "src/pages/Physics/Phyquestions/Chapter-4/9 (2).png",
              "src/pages/Physics/Phyquestions/Chapter-4/9 (3).png",
              "src/pages/Physics/Phyquestions/Chapter-4/9 (4).png"
            ],
            "answer": "src/pages/Physics/Phyquestions/Chapter-4/9 (3).png",
            "option_mode": "imagey"
          },
          {
            "question": "src/pages/Physics/Phyquestions/Chapter-4/10.png",
            "options": [
              "src/pages/Physics/Phyquestions/Chapter-4/10 (1).png",
              "src/pages/Physics/Phyquestions/Chapter-4/10 (2).png",
              "src/pages/Physics/Phyquestions/Chapter-4/10 (3).png",
              "src/pages/Physics/Phyquestions/Chapter-4/10 (4).png"
            ],
            "answer": "src/pages/Physics/Phyquestions/Chapter-4/10 (1).png",
            "option_mode": "imagey"
          },
          {
            "question": "src/pages/Physics/Phyquestions/Chapter-4/11.png",
            "options": [
              "src/pages/Physics/Phyquestions/Chapter-4/11 (1).png",
              "src/pages/Physics/Phyquestions/Chapter-4/11 (2).png",
              "src/pages/Physics/Phyquestions/Chapter-4/11 (3).png",
              "src/pages/Physics/Phyquestions/Chapter-4/11 (4).png"
            ],
            "answer": "src/pages/Physics/Phyquestions/Chapter-4/11 (3).png"
          },
          {
            "question": "src/pages/Physics/Phyquestions/Chapter-4/12.png",
            "options": [
              "src/pages/Physics/Phyquestions/Chapter-4/12 (1).png",
              "src/pages/Physics/Phyquestions/Chapter-4/12 (2).png",
              "src/pages/Physics/Phyquestions/Chapter-4/12 (3).png",
              "src/pages/Physics/Phyquestions/Chapter-4/12 (4).png"
            ],
            "answer": "src/pages/Physics/Phyquestions/Chapter-4/12 (3).png"
          },
          {
            "question": "src/pages/Physics/Phyquestions/Chapter-4/13.png",
            "options": [
              "src/pages/Physics/Phyquestions/Chapter-4/13 (1).png",
              "src/pages/Physics/Phyquestions/Chapter-4/13 (2).png",
              "src/pages/Physics/Phyquestions/Chapter-4/13 (3).png",
              "src/pages/Physics/Phyquestions/Chapter-4/13 (4).png"
            ],
            "answer": "src/pages/Physics/Phyquestions/Chapter-4/13 (4).png",
            "option_mode": "imagey"
          },
          {
            "question": "src/pages/Physics/Phyquestions/Chapter-4/14.png",
            "options": [
              "src/pages/Physics/Phyquestions/Chapter-4/14 (1).png",
              "src/pages/Physics/Phyquestions/Chapter-4/14 (2).png",
              "src/pages/Physics/Phyquestions/Chapter-4/14 (3).png",
              "src/pages/Physics/Phyquestions/Chapter-4/14 (4).png"
            ],
            "answer": "src/pages/Physics/Phyquestions/Chapter-4/14 (3).png",
            "option_mode": "imagey"
          },
          {
            "question": "src/pages/Physics/Phyquestions/Chapter-4/15.png",
            "options": [
              "src/pages/Physics/Phyquestions/Chapter-4/15 (1).png",
              "src/pages/Physics/Phyquestions/Chapter-4/15 (2).png",
              "src/pages/Physics/Phyquestions/Chapter-4/15 (3).png",
              "src/pages/Physics/Phyquestions/Chapter-4/15 (4).png"
            ],
            "answer": "src/pages/Physics/Phyquestions/Chapter-4/15 (4).png"
          }
        ]
      },
      {
        "chapter": "chapter-5",
        "questions": [
          {
            "question": "src/pages/Physics/Phyquestions/Chapter-5/1.png",
            "options": [
              "src/pages/Physics/Phyquestions/Chapter-5/1 (1).png",
              "src/pages/Physics/Phyquestions/Chapter-5/1 (2).png",
              "src/pages/Physics/Phyquestions/Chapter-5/1 (3).png",
              "src/pages/Physics/Phyquestions/Chapter-5/1 (4).png"
            ],
            "answer": "src/pages/Physics/Phyquestions/Chapter-5/1 (2).png"
          },
          {
            "question": "src/pages/Physics/Phyquestions/Chapter-5/2.png",
            "options": [
              "src/pages/Physics/Phyquestions/Chapter-5/2 (1).png",
              "src/pages/Physics/Phyquestions/Chapter-5/2 (2).png",
              "src/pages/Physics/Phyquestions/Chapter-5/2 (3).png",
              "src/pages/Physics/Phyquestions/Chapter-5/2 (4).png"
            ],
            "answer": "src/pages/Physics/Phyquestions/Chapter-5/2 (4).png"
          },
          {
            "question": "src/pages/Physics/Phyquestions/Chapter-5/3.png",
            "options": [
              "src/pages/Physics/Phyquestions/Chapter-5/3 (1).png",
              "src/pages/Physics/Phyquestions/Chapter-5/3 (2).png",
              "src/pages/Physics/Phyquestions/Chapter-5/3 (3).png",
              "src/pages/Physics/Phyquestions/Chapter-5/3 (4).png"
            ],
            "answer": "src/pages/Physics/Phyquestions/Chapter-5/3 (4).png"
          },
          {
            "question": "src/pages/Physics/Phyquestions/Chapter-5/4.png",
            "options": [
              "src/pages/Physics/Phyquestions/Chapter-5/4 (1).png",
              "src/pages/Physics/Phyquestions/Chapter-5/4 (2).png",
              "src/pages/Physics/Phyquestions/Chapter-5/4 (3).png",
              "src/pages/Physics/Phyquestions/Chapter-5/4 (4).png"
            ],
            "answer": "src/pages/Physics/Phyquestions/Chapter-5/4 (3).png"
          },
          {
            "question": "src/pages/Physics/Phyquestions/Chapter-5/5.png",
            "options": [
              "src/pages/Physics/Phyquestions/Chapter-5/5 (1).png",
              "src/pages/Physics/Phyquestions/Chapter-5/5 (2).png",
              "src/pages/Physics/Phyquestions/Chapter-5/5 (3).png",
              "src/pages/Physics/Phyquestions/Chapter-5/5 (4).png"
            ],
            "answer": "src/pages/Physics/Phyquestions/Chapter-5/5 (1).png"
          },
          {
            "question": "src/pages/Physics/Phyquestions/Chapter-5/6.png",
            "options": [
              "src/pages/Physics/Phyquestions/Chapter-5/6 (1).png",
              "src/pages/Physics/Phyquestions/Chapter-5/6 (2).png",
              "src/pages/Physics/Phyquestions/Chapter-5/6 (3).png",
              "src/pages/Physics/Phyquestions/Chapter-5/6 (4).png"
            ],
            "answer": "src/pages/Physics/Phyquestions/Chapter-5/6 (2).png"
          },
          {
            "question": "src/pages/Physics/Phyquestions/Chapter-5/7.png",
            "options": [
              "src/pages/Physics/Phyquestions/Chapter-5/7 (1).png",
              "src/pages/Physics/Phyquestions/Chapter-5/7 (2).png",
              "src/pages/Physics/Phyquestions/Chapter-5/7 (3).png",
              "src/pages/Physics/Phyquestions/Chapter-5/7 (4).png"
            ],
            "answer": "src/pages/Physics/Phyquestions/Chapter-5/7 (1).png"
          },
          {
            "question": "src/pages/Physics/Phyquestions/Chapter-5/8.png",
            "options": [
              "src/pages/Physics/Phyquestions/Chapter-5/8 (1).png",
              "src/pages/Physics/Phyquestions/Chapter-5/8 (2).png",
              "src/pages/Physics/Phyquestions/Chapter-5/8 (3).png",
              "src/pages/Physics/Phyquestions/Chapter-5/8 (4).png"
            ],
            "answer": "src/pages/Physics/Phyquestions/Chapter-5/8 (3).png"
          },
          {
            "question": "src/pages/Physics/Phyquestions/Chapter-5/9.png",
            "options": [
              "src/pages/Physics/Phyquestions/Chapter-5/9 (1).png",
              "src/pages/Physics/Phyquestions/Chapter-5/9 (2).png",
              "src/pages/Physics/Phyquestions/Chapter-5/9 (3).png",
              "src/pages/Physics/Phyquestions/Chapter-5/9 (4).png"
            ],
            "answer": "src/pages/Physics/Phyquestions/Chapter-5/9 (2).png"
          },
          {
            "question": "src/pages/Physics/Phyquestions/Chapter-5/10.png",
            "options": [
              "src/pages/Physics/Phyquestions/Chapter-5/10 (1).png",
              "src/pages/Physics/Phyquestions/Chapter-5/10 (2).png",
              "src/pages/Physics/Phyquestions/Chapter-5/10 (3).png",
              "src/pages/Physics/Phyquestions/Chapter-5/10 (4).png"
            ],
            "answer": "src/pages/Physics/Phyquestions/Chapter-5/10 (2).png"
          },
          {
            "question": "src/pages/Physics/Phyquestions/Chapter-5/11.png",
            "options": [
              "src/pages/Physics/Phyquestions/Chapter-5/11 (1).png",
              "src/pages/Physics/Phyquestions/Chapter-5/11 (2).png",
              "src/pages/Physics/Phyquestions/Chapter-5/11 (3).png",
              "src/pages/Physics/Phyquestions/Chapter-5/11 (4).png"
            ],
            "answer": "src/pages/Physics/Phyquestions/Chapter-5/11 (3).png"
          },
          {
            "question": "src/pages/Physics/Phyquestions/Chapter-5/12.png",
            "options": [
              "src/pages/Physics/Phyquestions/Chapter-5/12 (1).png",
              "src/pages/Physics/Phyquestions/Chapter-5/12 (2).png",
              "src/pages/Physics/Phyquestions/Chapter-5/12 (3).png",
              "src/pages/Physics/Phyquestions/Chapter-5/12 (4).png"
            ],
            "answer": "src/pages/Physics/Phyquestions/Chapter-5/12 (1).png",
            "option_mode": "imagez"
          },
  
          {
            "question": "src/pages/Physics/Phyquestions/Chapter-5/13.png",
            "options": [
              "src/pages/Physics/Phyquestions/Chapter-5/13 (1).png",
              "src/pages/Physics/Phyquestions/Chapter-5/13 (2).png",
              "src/pages/Physics/Phyquestions/Chapter-5/13 (3).png",
              "src/pages/Physics/Phyquestions/Chapter-5/13 (4).png"
            ],
            "answer": "src/pages/Physics/Phyquestions/Chapter-5/13 (4).png"
          },
  
          {
            "question": "src/pages/Physics/Phyquestions/Chapter-5/14.png",
            "options": [
              "src/pages/Physics/Phyquestions/Chapter-5/14 (1).png",
              "src/pages/Physics/Phyquestions/Chapter-5/14 (2).png",
              "src/pages/Physics/Phyquestions/Chapter-5/14 (3).png",
              "src/pages/Physics/Phyquestions/Chapter-5/14 (4).png"
            ],
            "answer": "src/pages/Physics/Phyquestions/Chapter-5/14 (4).png",
            "option_mode": "imagez"
          },
          {
            "question": "src/pages/Physics/Phyquestions/Chapter-5/15.png",
            "options": [
              "src/pages/Physics/Phyquestions/Chapter-5/15 (1).png",
              "src/pages/Physics/Phyquestions/Chapter-5/15 (2).png",
              "src/pages/Physics/Phyquestions/Chapter-5/15 (3).png",
              "src/pages/Physics/Phyquestions/Chapter-5/15 (4).png"
            ],
            "answer": "src/pages/Physics/Phyquestions/Chapter-5/15 (1).png"
          }
        ]
      }
    ]

}