{
  "chapters": [
    {
      "chapter": 6,
      "questions": [
        {
          "question": "What is the main goal of a business?",
          "options": [
            "Maximize Profits",
            "Minimize Costs",
            "Maximize Revenue",
            "Maximize Market Share"
          ],
          "answer": "Maximize Profits"
        },
        {
          "question": "Which of the following is a characteristic of a partnership?",
          "options": [
            "Limited Liability",
            "Unlimited Liability",
            "Single Owner",
            "Perpetual Existence"
          ],
          "answer": "Unlimited Liability"
        },
        {
          "question": "Which of the following is a function of management?",
          "options": [
            "Planning",
            "Organizing",
            "Controlling",
            "All of the above"
          ],
          "answer": "All of the above"
        },
        {
          "question": "What is the term for the period during which a business operates at a loss?",
          "options": [
            "Start-up Phase",
            "Break-even Phase",
            "Profit Phase",
            "Growth Phase"
          ],
          "answer": "Start-up Phase"
        },
        {
          "question": "Which type of market structure is characterized by a few large firms dominating the market?",
          "options": [
            "Perfect Competition",
            "Monopoly",
            "Oligopoly",
            "Monopolistic Competition"
          ],
          "answer": "Oligopoly"
        }
      ]
    },
    {
      "chapter": 7,
      "questions": [
        {
          "question": "What is the primary purpose of an income statement?",
          "options": [
            "Show cash flow",
            "Report financial position",
            "Show profitability",
            "Show shareholder equity"
          ],
          "answer": "Show profitability"
        },
        {
          "question": "Which of the following is NOT a component of the marketing mix?",
          "options": ["Product", "Price", "Promotion", "Profit"],
          "answer": "Profit"
        },
        {
          "question": "What is the term for the analysis of a company's internal strengths and weaknesses?",
          "options": [
            "SWOT Analysis",
            "PEST Analysis",
            "Porter's Five Forces",
            "Value Chain Analysis"
          ],
          "answer": "SWOT Analysis"
        },
        {
          "question": "Which of the following is a method of market research?",
          "options": [
            "Surveys",
            "Focus Groups",
            "Observations",
            "All of the above"
          ],
          "answer": "All of the above"
        },
        {
          "question": "Which pricing strategy sets prices based on competitors' prices?",
          "options": [
            "Cost-Plus Pricing",
            "Value-Based Pricing",
            "Penetration Pricing",
            "Competitive Pricing"
          ],
          "answer": "Competitive Pricing"
        }
      ]
    },
    {
      "chapter": 8,
      "questions": [
        {
          "question": "Which of the following is considered an operating expense?",
          "options": [
            "Rent",
            "Inventory Purchases",
            "Salaries",
            "Both A and C"
          ],
          "answer": "Both A and C"
        },
        {
          "question": "What is the term for the value of a company’s assets minus its liabilities?",
          "options": ["Market Value", "Book Value", "Equity", "Net Worth"],
          "answer": "Equity"
        },
        {
          "question": "Which of the following represents a cash inflow?",
          "options": [
            "Cash paid for inventory",
            "Cash sales to customers",
            "Cash paid to suppliers",
            "Cash paid for wages"
          ],
          "answer": "Cash sales to customers"
        },
        {
          "question": "Which of the following describes a firm’s fixed costs?",
          "options": [
            "They change with the level of production",
            "They remain constant regardless of production levels",
            "They are always zero",
            "They are only incurred when sales are made"
          ],
          "answer": "They remain constant regardless of production levels"
        },
        {
          "question": "What is the purpose of a cash flow statement?",
          "options": [
            "To show revenues and expenses",
            "To show how cash is generated and used",
            "To show profit margins",
            "To show shareholder equity"
          ],
          "answer": "To show how cash is generated and used"
        }
      ]
    },
    {
      "chapter": 9,
      "questions": [
        {
          "question": "What is the primary purpose of a budget?",
          "options": [
            "Control spending",
            "Increase revenue",
            "Reduce costs",
            "Improve profitability"
          ],
          "answer": "Control spending"
        },
        {
          "question": "Which of the following best describes a limited liability company (LLC)?",
          "options": [
            "It is a partnership",
            "Owners are personally liable for debts",
            "It combines features of a corporation and a partnership",
            "It is a sole proprietorship"
          ],
          "answer": "It combines features of a corporation and a partnership"
        },
        {
          "question": "Which of the following is a source of long-term finance?",
          "options": [
            "Trade Credit",
            "Bank Overdraft",
            "Equity Shares",
            "Short-term Loans"
          ],
          "answer": "Equity Shares"
        },
        {
          "question": "Which accounting method recognizes revenue when it is earned?",
          "options": [
            "Cash Basis Accounting",
            "Accrual Basis Accounting",
            "Hybrid Accounting",
            "Modified Cash Basis Accounting"
          ],
          "answer": "Accrual Basis Accounting"
        },
        {
          "question": "What is the primary goal of financial accounting?",
          "options": [
            "To provide information for decision-making",
            "To prepare budgets",
            "To assess profitability",
            "To comply with tax regulations"
          ],
          "answer": "To provide information for decision-making"
        }
      ]
    },
    {
      "chapter": 10,
      "questions": [
        {
          "question": "Which of the following describes an oligopoly?",
          "options": [
            "Many sellers, similar products",
            "Few sellers, differentiated products",
            "Single seller, unique product",
            "Many sellers, unique products"
          ],
          "answer": "Few sellers, differentiated products"
        },
        {
          "question": "What is the term for the cost of lost opportunities?",
          "options": [
            "Sunk Cost",
            "Opportunity Cost",
            "Fixed Cost",
            "Variable Cost"
          ],
          "answer": "Opportunity Cost"
        },
        {
          "question": "Which of the following financial statements is prepared first?",
          "options": [
            "Balance Sheet",
            "Cash Flow Statement",
            "Income Statement",
            "Statement of Changes in Equity"
          ],
          "answer": "Income Statement"
        },
        {
          "question": "What is the purpose of variance analysis?",
          "options": [
            "To compare actual performance with budgeted performance",
            "To evaluate employee performance",
            "To assess customer satisfaction",
            "To analyze market trends"
          ],
          "answer": "To compare actual performance with budgeted performance"
        },
        {
          "question": "Which of the following is a benefit of diversification?",
          "options": [
            "Increased risk",
            "Reduced volatility",
            "Higher costs",
            "Increased reliance on one market"
          ],
          "answer": "Reduced volatility"
        }
      ]
    }
  ]
}
